timestamp,soil_moisture,air_temp,humidity,wind_speed,solar_radiation,irrigation_event,flow_l,flow_l_cumulative
2022-07-12 04:00:00,74.29,11.64,88.42,4.21,0.0,0.0,,0.0
2022-07-12 05:00:00,74.15333333333334,10.91,91.51,3.6,0.0,0.0,0.0,0.0
2022-07-12 06:00:00,73.74333333333333,10.36,93.58,3.41,0.0,0.0,0.0,0.0
2022-07-12 07:00:00,73.60666666666667,10.18,93.59,3.41,0.0,0.0,0.0,0.0
2022-07-12 08:00:00,73.47,10.18,91.58,3.52,0.0,0.0,0.0,0.0
2022-07-12 09:00:00,73.33333333333333,10.16,89.82,3.52,0.0,0.0,0.0,0.0
2022-07-12 10:00:00,73.06,10.04,90.09,3.16,2.7777999999999996,0.0,0.0,0.0
2022-07-12 11:00:00,72.78666666666668,10.69,85.7,3.48,83.33399999999999,0.0,0.0,0.0
2022-07-12 12:00:00,72.92333333333333,11.94,77.77,3.63,211.1128,0.0,0.0,0.0
2022-07-12 13:00:00,72.78666666666668,13.76,69.36,3.7,352.7806,0.0,0.0,0.0
2022-07-12 14:00:00,72.51333333333334,15.43,63.26,3.68,494.44839999999994,0.0,0.0666666666666913,0.0666666666666913
2022-07-12 15:00:00,72.51333333333334,16.58,59.6,3.6,602.7825999999999,0.0,0.0333333333333317,0.100000000000023
2022-07-12 16:00:00,72.24,17.41,56.43,3.48,627.7827999999998,0.0,0.03333333333333101,0.133333333333354
2022-07-12 17:00:00,72.37666666666667,17.76,54.61,3.2,572.2267999999999,0.0,0.0,0.133333333333354
2022-07-12 18:00:00,72.24,17.67,54.18,2.78,444.448,0.0,0.0,0.133333333333354
2022-07-12 19:00:00,72.24,17.04,55.89,2.3,277.78,0.0,0.0,0.133333333333354
2022-07-12 20:00:00,72.51333333333334,15.35,68.52,1.26,100.00079999999998,0.0,0.0,0.133333333333354
2022-07-12 21:00:00,72.37666666666667,12.54,79.7,1.03,0.0,0.0,0.0,0.133333333333354
2022-07-12 22:00:00,72.24,11.63,82.54,1.1,0.0,0.0,0.0,0.133333333333354
2022-07-12 23:00:00,72.24,10.9,84.93,1.14,0.0,0.0,0.0,0.133333333333354
2022-07-13 00:00:00,72.24,10.26,87.22,1.19,0.0,0.0,0.0,0.133333333333354
2022-07-13 01:00:00,72.65333333333332,9.66,89.46,1.24,0.0,1.0,426.69999999999965,426.833333333333
2022-07-13 02:00:00,74.15333333333334,9.1,91.5,1.29,0.0,0.0,0.0,426.833333333333
2022-07-13 03:00:00,74.01666666666667,8.54,94.0,1.29,0.0,0.0,0.0,426.833333333333
2022-07-13 04:00:00,73.60666666666667,8.02,96.74,1.33,0.0,0.0,0.0,426.833333333333
2022-07-13 05:00:00,73.33333333333333,7.57,99.09,1.39,0.0,0.0,0.0,426.833333333333
2022-07-13 06:00:00,73.06,7.16,100.0,1.45,0.0,0.0,0.0,426.833333333333
2022-07-13 07:00:00,72.92333333333333,6.78,100.0,1.47,0.0,0.0,0.0,426.833333333333
2022-07-13 08:00:00,72.78666666666668,6.47,100.0,1.51,0.0,0.0,0.0,426.833333333333
2022-07-13 09:00:00,72.65,6.3,100.0,1.62,0.0,0.0,0.0,426.833333333333
2022-07-13 10:00:00,72.37666666666667,6.35,100.0,1.67,5.555599999999999,0.0,0.0,426.833333333333
2022-07-13 11:00:00,72.65,9.26,88.42,2.79,125.00099999999999,0.0,0.0,426.833333333333
2022-07-13 12:00:00,72.03999999999999,12.2,76.2,2.92,316.66919999999993,1.0,447.8666666666671,874.7
2022-07-13 13:00:00,74.96333333333332,15.88,61.24,4.12,477.78159999999997,0.0,0.0,874.7
2022-07-13 14:00:00,74.28666666666668,18.26,54.15,4.13,591.6714,0.0,0.0,874.7
2022-07-13 15:00:00,74.01666666666667,19.91,50.04,3.84,638.8939999999999,0.0,0.0,874.7
2022-07-13 16:00:00,73.88,20.94,48.26,3.66,522.2263999999999,0.0,0.0,874.7
2022-07-13 17:00:00,73.47,20.74,50.05,3.41,333.33599999999996,0.0,0.0,874.7
2022-07-13 18:00:00,73.47,20.38,53.4,3.19,252.7798,0.0,0.0,874.7
2022-07-13 19:00:00,73.33333333333333,19.16,63.91,2.27,152.779,0.0,0.0,874.7
2022-07-13 20:00:00,73.33333333333333,17.66,73.6,1.97,50.00039999999999,0.0,0.0,874.7
2022-07-13 21:00:00,73.33333333333333,16.46,80.88,1.91,0.0,0.0,0.0,874.7
2022-07-13 22:00:00,74.55666666666667,15.96,85.44,1.78,0.0,0.0,846.3999999999999,1721.1
2022-07-13 23:00:00,80.54666666666667,15.51,89.03,1.52,0.0,0.0,565.5999999999999,2286.7
2022-07-14 00:00:00,83.13,15.34,90.38,1.48,0.0,0.0,434.10000000000036,2720.8
2022-07-14 01:00:00,78.91333333333334,15.29,90.72,1.73,0.0,0.0,0.0,2720.8
2022-07-14 02:00:00,77.00666666666666,15.02,92.08,2.0,0.0,0.0,0.0,2720.8
2022-07-14 03:00:00,75.78333333333335,14.67,94.04,2.13,0.0,0.0,0.0,2720.8
2022-07-14 04:00:00,75.1,14.52,95.88,2.21,0.0,0.0,0.0,2720.8
2022-07-14 05:00:00,74.55666666666667,14.69,96.69,2.43,0.0,0.0,0.0,2720.8
2022-07-14 06:00:00,74.29,15.42,95.55,3.13,0.0,0.0,0.0,2720.8
2022-07-14 07:00:00,73.88,15.59,96.16,3.12,0.0,0.0,0.0,2720.8
2022-07-14 08:00:00,73.33333333333333,15.69,96.31,3.1,0.0,0.0,0.0,2720.8
2022-07-14 09:00:00,73.33333333333333,15.96,95.88,3.34,0.0,0.0,0.0,2720.8
2022-07-14 10:00:00,73.06,16.29,95.76,3.56,2.7777999999999996,0.0,0.0,2720.8
2022-07-14 11:00:00,72.92333333333333,17.01,94.45,3.73,50.00039999999999,0.0,0.0,2720.8
2022-07-14 12:00:00,72.78666666666668,18.19,91.92,3.74,125.00099999999999,0.0,0.0,2720.8
2022-07-14 13:00:00,72.37666666666667,20.01,86.58,4.19,197.22379999999998,0.0,0.0,2720.8
2022-07-14 14:00:00,72.37666666666667,22.71,76.17,5.18,313.8913999999999,0.0,0.0,2720.8
2022-07-14 15:00:00,72.24,25.32,66.99,5.68,338.8916,0.0,0.0,2720.8
2022-07-14 16:00:00,72.51333333333334,27.07,60.71,6.09,377.7808,0.0,588.0666666666698,3308.86666666667
2022-07-14 17:00:00,78.50666666666666,28.25,55.81,6.51,394.44759999999997,0.0,665.3333333333298,3974.2
2022-07-14 18:00:00,80.0,28.76,53.57,6.43,291.669,0.0,36.0,4010.2
2022-07-14 19:00:00,77.27666666666666,28.03,55.28,5.65,183.3348,0.0,0.0,4010.2
2022-07-14 20:00:00,76.05666666666667,26.44,59.04,4.92,66.6672,0.0,0.033333333330119785,4010.23333333333
2022-07-14 21:00:00,75.51,25.05,61.27,4.74,0.0,0.0,213.89999999999964,4224.13333333333
2022-07-14 22:00:00,77.27999999999999,24.26,62.5,4.81,0.0,0.0,251.40000000000055,4475.53333333333
2022-07-14 23:00:00,81.49666666666667,23.21,65.79,4.17,0.0,0.0,991.6666666666697,5467.2
2022-07-15 00:00:00,84.69,22.33,68.95,3.99,0.0,0.0,364.76666666667006,5831.96666666667
2022-07-15 01:00:00,80.54333333333334,21.84,70.37,4.15,0.0,0.0,0.0,5831.96666666667
2022-07-15 02:00:00,78.16499999999999,21.41,71.92,4.17,0.0,0.0,0.0,5831.96666666667
2022-07-15 03:00:00,77.14,21.02,73.83,4.23,0.0,0.0,0.0,5831.96666666667
2022-07-15 04:00:00,76.19333333333333,20.64,75.82,4.35,0.0,0.0,0.0,5831.96666666667
2022-07-15 05:00:00,75.51,20.55,76.27,4.5,0.0,0.0,0.0,5831.96666666667
2022-07-15 06:00:00,74.96333333333332,20.46,75.93,4.5,0.0,0.0,0.0,5831.96666666667
2022-07-15 07:00:00,74.55666666666667,20.37,74.94,4.55,0.0,0.0,0.0,5831.96666666667
2022-07-15 08:00:00,74.15333333333334,20.28,73.9,4.55,0.0,0.0,0.0,5831.96666666667
2022-07-15 09:00:00,73.88,20.15,73.4,4.5,0.0,0.0,0.0,5831.96666666667
2022-07-15 10:00:00,73.675,20.05,73.22,4.55,2.7777999999999996,0.0,0.0,5831.96666666667
2022-07-15 11:00:00,73.33333333333333,20.59,71.47,5.02,63.889399999999995,0.0,0.0,5831.96666666667
2022-07-15 12:00:00,73.19666666666667,22.04,67.39,5.05,169.4458,0.0,0.0,5831.96666666667
2022-07-15 13:00:00,72.65,24.24,61.51,5.24,286.11339999999996,0.0,337.1666666666597,6169.13333333333
2022-07-15 14:00:00,74.08500000000001,26.23,57.13,5.42,363.8918,0.0,462.0333333333301,6631.16666666666
2022-07-15 15:00:00,82.45,28.06,53.63,5.55,441.67019999999997,0.0,838.9000000000005,7470.06666666666
2022-07-15 16:00:00,80.68,29.35,52.47,5.25,422.2256,0.0,0.0,7470.06666666666
2022-07-15 17:00:00,77.755,29.74,53.94,4.63,313.8913999999999,0.0,0.0,7470.06666666666
2022-07-15 18:00:00,76.125,29.26,58.03,3.7,225.0018,0.0,0.0,7470.06666666666
2022-07-15 19:00:00,75.78333333333335,28.26,64.52,2.66,144.44559999999998,0.0,0.06666666666933452,7470.13333333333
2022-07-15 20:00:00,75.23666666666666,26.3,72.69,1.87,50.00039999999999,0.0,0.0,7470.13333333333
2022-07-15 21:00:00,74.55666666666667,24.8,75.7,1.73,0.0,0.0,0.0,7470.13333333333
2022-07-15 22:00:00,74.08500000000001,24.3,78.4,1.61,0.0,0.0,0.0,7470.13333333333
2022-07-15 23:00:00,74.56,23.65,82.43,1.36,0.0,0.0,912.6000000000004,8382.73333333333
2022-07-16 00:00:00,82.31,22.86,87.7,1.07,0.0,0.0,312.9666666666708,8695.7
2022-07-16 01:00:00,78.77666666666667,22.12,91.96,1.01,0.0,0.0,163.06666666665842,8858.76666666666
2022-07-16 02:00:00,77.55,21.43,94.67,1.26,0.0,0.0,0.0,8858.76666666666
2022-07-16 03:00:00,76.02250000000001,20.59,96.53,1.54,0.0,0.0,0.0,8858.76666666666
2022-07-16 04:00:00,75.1,19.86,96.79,1.76,0.0,0.0,0.0,8858.76666666666
2022-07-16 05:00:00,74.42333333333333,19.09,96.7,2.27,0.0,0.0,0.0,8858.76666666666
2022-07-16 06:00:00,74.55666666666667,18.2,95.85,2.94,0.0,0.0,0.0,8858.76666666666
2022-07-16 07:00:00,74.96333333333332,16.87,94.76,3.38,0.0,0.0,0.0,8858.76666666666
2022-07-16 08:00:00,74.895,15.7,94.26,3.39,0.0,0.0,0.0,8858.76666666666
2022-07-16 09:00:00,74.15333333333334,14.99,94.12,3.37,0.0,0.0,0.0,8858.76666666666
2022-07-16 10:00:00,74.01666666666667,14.68,93.77,3.56,2.7777999999999996,0.0,0.0,8858.76666666666
2022-07-16 11:00:00,73.88,14.57,92.08,4.18,19.4446,0.0,0.0,8858.76666666666
2022-07-16 12:00:00,73.47,14.65,89.16,4.97,41.666999999999994,0.0,0.0,8858.76666666666
2022-07-16 13:00:00,73.19666666666667,14.82,85.21,5.51,58.33379999999999,0.0,0.0,8858.76666666666
2022-07-16 14:00:00,72.78666666666668,15.1,80.24,5.85,108.3342,0.0,0.0,8858.76666666666
2022-07-16 15:00:00,72.78666666666668,15.07,76.45,6.02,97.22299999999998,0.0,0.0,8858.76666666666
2022-07-16 16:00:00,72.37666666666667,14.67,74.67,6.03,141.6678,0.0,0.0,8858.76666666666
2022-07-16 17:00:00,72.24,14.42,72.32,6.02,108.3342,0.0,0.0,8858.76666666666
2022-07-16 18:00:00,72.37666666666667,14.21,69.8,5.89,75.00059999999999,0.0,0.0,8858.76666666666
2022-07-16 19:00:00,72.92333333333333,14.0,67.63,5.63,111.112,0.0,0.0,8858.76666666666
2022-07-16 20:00:00,72.92333333333333,13.28,68.43,4.87,47.2226,0.0,0.0,8858.76666666666
2022-07-16 21:00:00,72.92333333333333,12.21,72.83,3.85,0.0,0.0,0.0,8858.76666666666
2022-07-16 22:00:00,72.92333333333333,11.39,77.46,3.3,0.0,0.0,0.0,8858.76666666666
2022-07-16 23:00:00,72.92333333333333,10.58,82.59,2.79,0.0,0.0,0.0,8858.76666666666
2022-07-17 00:00:00,72.51333333333334,9.99,85.97,2.54,0.0,0.0,0.0,8858.76666666666
2022-07-17 01:00:00,72.24,9.4,88.96,2.5,0.0,0.0,0.0,8858.76666666666
2022-07-17 02:00:00,72.24,8.71,92.1,2.53,0.0,0.0,0.0,8858.76666666666
2022-07-17 03:00:00,72.24,8.01,95.11,2.58,0.0,0.0,0.0,8858.76666666666
2022-07-17 04:00:00,72.10666666666667,7.33,97.76,2.45,0.0,0.0,0.0,8858.76666666666
2022-07-17 05:00:00,71.84,6.98,98.02,2.47,0.0,0.0,0.0,8858.76666666666
2022-07-17 06:00:00,71.84,6.87,96.14,2.7,0.0,0.0,0.0,8858.76666666666
2022-07-17 07:00:00,71.70333333333333,5.95,99.83,2.0,0.0,0.0,0.0,8858.76666666666
2022-07-17 08:00:00,71.43,5.9,98.97,2.23,0.0,0.0,0.0,8858.76666666666
2022-07-17 09:00:00,71.56666666666668,6.07,95.96,2.79,0.0,0.0,0.0,8858.76666666666
2022-07-17 10:00:00,71.56666666666668,5.88,95.73,2.76,5.555599999999999,0.0,0.0,8858.76666666666
2022-07-17 11:00:00,71.56666666666668,6.85,88.63,2.96,116.66759999999998,0.0,0.0,8858.76666666666
2022-07-17 12:00:00,71.43,9.04,75.99,2.62,286.11339999999996,0.0,0.0,8858.76666666666
2022-07-17 13:00:00,71.29333333333334,11.26,66.75,2.17,441.67019999999997,0.0,0.0,8858.76666666666
2022-07-17 14:00:00,71.15666666666667,13.14,60.91,1.82,494.44839999999994,0.0,0.0,8858.76666666666
2022-07-17 15:00:00,71.225,14.46,57.64,1.63,533.3376,0.0,0.0,8858.76666666666
2022-07-17 16:00:00,71.43,15.41,55.18,1.69,586.1157999999999,0.0,0.0,8858.76666666666
2022-07-17 17:00:00,,15.9,53.68,1.71,563.8933999999999,,,
2022-07-17 18:00:00,,15.98,52.75,1.65,469.44819999999993,,,
2022-07-17 19:00:00,,15.51,53.78,1.59,300.00239999999997,,,
2022-07-17 20:00:00,,13.91,67.4,0.99,111.112,0.0,,8858.76666666666
2022-07-17 21:00:00,71.43,11.25,75.53,1.03,0.0,0.0,0.0,8858.76666666666
2022-07-17 22:00:00,71.43,10.22,79.22,1.11,0.0,0.0,0.0,8858.76666666666
2022-07-17 23:00:00,71.56666666666668,9.5,81.96,1.13,0.0,0.0,0.0,8858.76666666666
2022-07-18 00:00:00,71.83666666666667,8.76,85.48,1.14,0.0,0.0,462.90000000000146,9321.66666666666
2022-07-18 01:00:00,73.19666666666667,7.99,90.08,1.16,0.0,0.0,0.0,9321.66666666666
2022-07-18 02:00:00,73.19666666666667,7.32,95.06,1.24,0.0,0.0,0.0,9321.66666666666
2022-07-18 03:00:00,73.265,6.82,98.84,1.33,0.0,0.0,0.0,9321.66666666666
2022-07-18 04:00:00,72.92333333333333,6.47,100.0,1.33,0.0,0.0,0.0,9321.66666666666
2022-07-18 05:00:00,72.78666666666668,6.27,100.0,1.23,0.0,0.0,0.0,9321.66666666666
2022-07-18 06:00:00,72.65,6.23,100.0,1.19,0.0,0.0,0.0,9321.66666666666
2022-07-18 07:00:00,72.51333333333334,6.32,100.0,1.22,0.0,0.0,0.0,9321.66666666666
2022-07-18 08:00:00,72.24,7.07,97.21,1.29,0.0,0.0,0.0,9321.66666666666
2022-07-18 09:00:00,72.24,8.06,92.53,1.45,0.0,0.0,0.0,9321.66666666666
2022-07-18 10:00:00,71.97333333333334,8.77,89.93,1.65,2.7777999999999996,0.0,0.0,9321.66666666666
2022-07-18 11:00:00,71.97333333333334,10.29,82.38,2.42,69.445,0.0,0.0,9321.66666666666
2022-07-18 12:00:00,72.10666666666667,12.38,74.86,2.32,150.00119999999998,0.0,0.0,9321.66666666666
2022-07-18 13:00:00,71.97333333333334,15.61,62.51,2.34,227.77959999999996,0.0,156.76666666667006,9478.43333333333
2022-07-18 14:00:00,73.87666666666667,17.49,57.45,2.21,147.2234,0.0,379.2999999999993,9857.73333333333
2022-07-18 15:00:00,74.96333333333332,18.53,55.82,1.94,152.779,0.0,0.0,9857.73333333333
2022-07-18 16:00:00,74.42333333333333,19.43,53.31,1.62,158.33459999999997,0.0,0.0,9857.73333333333
2022-07-18 17:00:00,75.24000000000001,19.83,52.06,1.38,169.4458,0.0,706.5999999999694,10564.3333333333
2022-07-18 18:00:00,80.54333333333334,19.84,53.27,1.19,125.00099999999999,0.0,178.40000000000146,10742.7333333333
2022-07-18 19:00:00,77.755,19.2,60.35,1.09,83.33399999999999,0.0,0.0,10742.7333333333
2022-07-18 20:00:00,76.05666666666667,17.61,74.83,1.05,47.2226,0.0,0.0,10742.7333333333
2022-07-18 21:00:00,75.23666666666666,15.8,79.99,1.59,0.0,0.0,0.03333333339833189,10742.7666666667
2022-07-18 22:00:00,74.82666666666667,15.03,83.08,2.22,0.0,0.0,0.0,10742.7666666667
2022-07-18 23:00:00,74.69,14.46,87.12,2.39,0.0,0.0,0.0,10742.7666666667
2022-07-19 00:00:00,74.29,14.06,90.16,2.41,0.0,0.0,0.0,10742.7666666667
2022-07-19 01:00:00,74.01666666666667,13.88,91.44,2.28,0.0,0.0,0.0,10742.7666666667
2022-07-19 02:00:00,73.88,13.71,92.04,2.05,0.0,0.0,0.0,10742.7666666667
2022-07-19 03:00:00,73.60666666666667,13.48,92.78,1.7,0.0,0.0,0.0,10742.7666666667
2022-07-19 04:00:00,73.33333333333333,13.15,93.71,1.41,0.0,0.0,0.0,10742.7666666667
2022-07-19 05:00:00,73.06,12.65,95.25,1.32,0.0,0.0,0.0,10742.7666666667
2022-07-19 06:00:00,72.92333333333333,12.29,96.36,1.37,0.0,0.0,0.0,10742.7666666667
2022-07-19 07:00:00,72.92333333333333,11.43,100.0,1.31,0.0,0.0,0.0,10742.7666666667
2022-07-19 08:00:00,72.5475,10.9,100.0,1.26,0.0,0.0,0.0,10742.7666666667
2022-07-19 09:00:00,72.65,10.85,100.0,1.19,0.0,0.0,0.0,10742.7666666667
2022-07-19 10:00:00,72.65,11.28,100.0,1.12,2.7777999999999996,0.0,0.0,10742.7666666667
2022-07-19 11:00:00,72.37666666666667,13.44,92.23,1.88,58.33379999999999,0.0,0.0,10742.7666666667
2022-07-19 12:00:00,72.24,15.33,87.61,1.5,144.44559999999998,0.0,0.0,10742.7666666667
2022-07-19 13:00:00,71.97333333333334,18.71,72.28,1.2,236.11299999999997,0.0,0.0,10742.7666666667
2022-07-19 14:00:00,71.97333333333334,21.66,60.01,1.01,419.4478,0.0,0.06666666660021292,10742.8333333333
2022-07-19 15:00:00,71.97333333333334,23.11,56.72,0.49,519.4485999999999,0.0,0.0,10742.8333333333
2022-07-19 16:00:00,71.97333333333334,24.06,55.34,0.52,536.1153999999999,0.0,0.0,10742.8333333333
2022-07-19 17:00:00,72.03999999999999,24.82,54.2,0.96,447.2258,0.0,0.0,10742.8333333333
2022-07-19 18:00:00,71.97333333333334,25.01,54.65,1.23,386.1141999999999,0.0,0.0,10742.8333333333
2022-07-19 19:00:00,72.24,24.41,58.6,1.39,241.66859999999997,0.0,0.0,10742.8333333333
2022-07-19 20:00:00,72.24,22.08,74.83,1.07,91.6674,0.0,0.0,10742.8333333333
2022-07-19 21:00:00,72.03999999999999,18.9,81.87,1.37,0.0,0.0,0.0,10742.8333333333
2022-07-19 22:00:00,72.10666666666667,18.18,83.16,1.76,0.0,0.0,0.0,10742.8333333333
2022-07-19 23:00:00,72.10666666666667,17.68,85.14,1.88,0.0,0.0,377.53333333340015,11120.3666666667
2022-07-20 00:00:00,77.41666666666667,17.11,87.88,1.73,0.0,0.0,557.8000000000011,11678.1666666667
2022-07-20 01:00:00,76.60000000000001,16.54,91.36,1.56,0.0,0.0,0.0,11678.1666666667
2022-07-20 02:00:00,75.51,16.01,95.43,1.42,0.0,0.0,0.0,11678.1666666667
2022-07-20 03:00:00,74.82666666666667,15.57,99.02,1.33,0.0,0.0,0.0,11678.1666666667
2022-07-20 04:00:00,74.42333333333333,15.2,100.0,1.28,0.0,0.0,0.0,11678.1666666667
2022-07-20 05:00:00,74.15333333333334,14.94,100.0,1.26,0.0,0.0,0.0,11678.1666666667
2022-07-20 06:00:00,73.74333333333333,14.8,100.0,1.24,0.0,0.0,0.0,11678.1666666667
2022-07-20 07:00:00,73.47,14.69,100.0,1.24,0.0,0.0,0.0,11678.1666666667
2022-07-20 08:00:00,73.47,14.63,100.0,1.28,0.0,0.0,0.0,11678.1666666667
2022-07-20 09:00:00,73.33333333333333,14.65,100.0,1.29,0.0,0.0,0.0,11678.1666666667
2022-07-20 10:00:00,73.19666666666667,15.05,100.0,1.36,5.555599999999999,0.0,0.0,11678.1666666667
2022-07-20 11:00:00,73.06,18.02,92.38,2.56,100.00079999999998,0.0,0.0,11678.1666666667
2022-07-20 12:00:00,73.06,20.32,84.39,2.88,252.7798,0.0,0.0,11678.1666666667
2022-07-20 13:00:00,72.78666666666668,23.39,75.76,3.16,408.3366,0.0,0.0,11678.1666666667
2022-07-20 14:00:00,72.65,26.18,68.15,3.73,552.7822,0.0,0.0,11678.1666666667
2022-07-20 15:00:00,72.78666666666668,27.99,62.56,4.34,638.8939999999999,0.0,0.0,11678.1666666667
2022-07-20 16:00:00,72.78666666666668,29.13,57.82,4.62,633.3383999999999,0.0,0.0,11678.1666666667
2022-07-20 17:00:00,73.06,29.65,55.29,4.52,555.56,0.0,0.0,11678.1666666667
2022-07-20 18:00:00,72.78666666666668,29.63,54.96,4.08,427.78119999999996,0.0,0.0,11678.1666666667
2022-07-20 19:00:00,72.65,28.74,60.55,2.97,261.11319999999995,0.0,0.03333333330010646,11678.2
2022-07-20 20:00:00,72.78666666666668,26.16,71.2,1.96,94.4452,0.0,0.0,11678.2
2022-07-20 21:00:00,72.92333333333333,23.4,76.24,1.95,0.0,0.0,0.0,11678.2
2022-07-20 22:00:00,72.65,22.46,77.89,2.18,0.0,0.0,0.0,11678.2
2022-07-20 23:00:00,72.78666666666668,21.78,79.95,2.51,0.0,0.0,0.0,11678.2
2022-07-21 00:00:00,72.51333333333334,21.2,82.79,2.87,0.0,0.0,0.0,11678.2
2022-07-21 01:00:00,72.65,20.7,85.37,3.31,0.0,0.0,0.0,11678.2
2022-07-21 02:00:00,72.24,19.89,89.06,3.21,0.0,0.0,0.0,11678.2
2022-07-21 03:00:00,72.24,18.92,93.87,2.93,0.0,0.0,0.0,11678.2
2022-07-21 04:00:00,72.24,18.1,97.51,2.71,0.0,0.0,0.0,11678.2
2022-07-21 05:00:00,72.10666666666667,17.32,100.0,2.44,0.0,0.0,0.0,11678.2
2022-07-21 06:00:00,71.97333333333334,16.79,100.0,2.31,0.0,0.0,0.0,11678.2
2022-07-21 07:00:00,71.97333333333334,16.48,100.0,2.38,0.0,0.0,0.0,11678.2
2022-07-21 08:00:00,71.97333333333334,16.3,98.12,2.54,0.0,0.0,0.0,11678.2
2022-07-21 09:00:00,72.10666666666667,16.25,96.23,2.76,0.0,0.0,0.0,11678.2
2022-07-21 10:00:00,71.84,16.47,93.83,3.06,5.555599999999999,0.0,0.0,11678.2
2022-07-21 11:00:00,71.84,18.29,85.32,3.83,97.22299999999998,0.0,0.0,11678.2
2022-07-21 12:00:00,71.84,20.57,77.06,3.71,255.55759999999998,0.0,0.0,11678.2
2022-07-21 13:00:00,71.56666666666668,23.51,66.22,3.89,400.00319999999994,0.0,0.0,11678.2
2022-07-21 14:00:00,71.70333333333333,26.25,55.09,4.33,472.22599999999994,0.0,0.0,11678.2
2022-07-21 15:00:00,72.65666666666668,28.34,47.27,4.54,552.7822,0.0,723.2999999999993,12401.5
2022-07-21 16:00:00,76.05666666666667,29.48,42.61,4.59,566.6712,0.0,0.0,12401.5
2022-07-21 17:00:00,75.64666666666666,29.79,41.81,4.31,488.89279999999997,0.0,0.0,12401.5
2022-07-21 18:00:00,75.23666666666666,29.46,44.98,3.59,369.44739999999996,0.0,0.0,12401.5
2022-07-21 19:00:00,74.82666666666667,28.27,54.39,2.43,230.55739999999997,0.0,0.0,12401.5
2022-07-21 20:00:00,74.42333333333333,25.49,68.03,1.52,86.11179999999999,0.0,0.0,12401.5
2022-07-21 21:00:00,74.29,22.58,72.06,1.67,0.0,0.0,0.0,12401.5
2022-07-21 22:00:00,73.88,22.1,73.51,2.11,0.0,0.0,0.0,12401.5
2022-07-21 23:00:00,74.01666666666667,21.9,76.69,2.66,0.0,0.0,221.70000000000073,12623.2
2022-07-22 00:00:00,74.29,21.4,82.39,2.89,0.0,0.0,0.0,12623.2
2022-07-22 01:00:00,74.15333333333334,20.92,87.23,2.96,0.0,0.0,0.0,12623.2
2022-07-22 02:00:00,73.7775,20.52,90.27,2.98,0.0,0.0,0.0,12623.2
2022-07-22 03:00:00,73.33333333333333,20.15,91.68,3.01,0.0,0.0,0.0,12623.2
2022-07-22 04:00:00,73.60666666666667,19.77,92.26,3.04,0.0,0.0,0.0,12623.2
2022-07-22 05:00:00,73.33333333333333,19.53,91.44,3.12,0.0,0.0,0.0,12623.2
2022-07-22 06:00:00,73.06,19.45,89.96,3.16,0.0,0.0,0.0,12623.2
2022-07-22 07:00:00,73.06,19.09,90.91,3.14,0.0,0.0,0.0,12623.2
2022-07-22 08:00:00,73.06,18.71,92.59,3.3,0.0,0.0,0.0,12623.2
2022-07-22 09:00:00,73.06,18.48,92.48,3.4,0.0,0.0,0.0,12623.2
2022-07-22 10:00:00,72.65,18.35,91.2,3.42,5.555599999999999,0.0,0.0,12623.2
2022-07-22 11:00:00,72.51333333333334,19.33,84.54,3.81,100.00079999999998,0.0,0.0,12623.2
2022-07-22 12:00:00,72.78666666666668,21.47,74.35,3.62,258.3354,0.0,530.3333333332994,13153.5333333333
2022-07-22 13:00:00,80.0,24.45,62.86,3.64,425.00339999999994,0.0,805.6666666667006,13959.2
2022-07-22 14:00:00,77.96,27.38,53.49,4.18,555.56,0.0,0.0,13959.2
2022-07-22 15:00:00,76.125,29.58,47.11,5.01,644.4495999999999,0.0,0.0,13959.2
2022-07-22 16:00:00,75.51,30.54,44.37,5.08,638.8939999999999,0.0,0.0,13959.2
2022-07-22 17:00:00,75.37333333333333,30.68,44.2,4.73,555.56,0.0,0.0,13959.2
2022-07-22 18:00:00,74.82666666666667,30.26,47.41,3.88,391.66979999999995,0.0,0.0,13959.2
2022-07-22 19:00:00,,28.9,56.38,2.57,238.89079999999998,0.0,0.0,13959.2
2022-07-22 20:00:00,,26.41,66.73,1.64,88.88959999999999,,,
2022-07-22 21:00:00,,24.55,69.27,1.66,0.0,,,
2022-07-22 22:00:00,,23.97,70.11,2.04,0.0,,,
2022-07-22 23:00:00,,23.45,72.38,2.42,0.0,,,
2022-07-23 00:00:00,,22.79,76.24,2.51,0.0,,,
2022-07-23 01:00:00,,22.2,79.54,2.54,0.0,,,
2022-07-23 02:00:00,,21.79,81.39,2.6,0.0,,,
2022-07-23 03:00:00,,21.41,82.7,2.71,0.0,,,
2022-07-23 04:00:00,,21.04,83.76,2.8,0.0,,,
2022-07-23 05:00:00,,20.7,84.06,2.88,0.0,,,
2022-07-23 06:00:00,,20.35,83.93,2.92,0.0,,,
2022-07-23 07:00:00,,19.91,84.1,2.84,0.0,,,
2022-07-23 08:00:00,,19.54,83.89,2.74,0.0,,,
2022-07-23 09:00:00,,19.24,83.51,2.75,0.0,,,
2022-07-23 10:00:00,,19.1,82.72,2.93,5.555599999999999,,,
2022-07-23 11:00:00,,19.8,79.04,3.52,86.11179999999999,,,
2022-07-23 12:00:00,,21.43,73.01,3.63,216.6684,,,
2022-07-23 13:00:00,,23.86,64.35,3.68,344.44719999999995,,,
2022-07-23 14:00:00,,26.03,57.89,3.95,483.33719999999994,,,
2022-07-23 15:00:00,,28.13,51.72,4.37,533.3376,,,
2022-07-23 16:00:00,,29.79,46.64,4.43,494.44839999999994,,,
2022-07-23 17:00:00,,30.64,44.3,4.13,466.6703999999999,,,
2022-07-23 18:00:00,,30.64,46.17,3.52,380.5586,,,
2022-07-23 19:00:00,,29.59,54.38,2.48,233.33519999999996,,,
2022-07-23 20:00:00,,26.94,66.59,1.63,91.6674,,,
2022-07-23 21:00:00,,24.36,69.98,1.8,0.0,,,
2022-07-23 22:00:00,,23.78,71.11,2.33,0.0,,,
2022-07-23 23:00:00,,23.35,73.45,2.98,0.0,,,
2022-07-24 00:00:00,,22.73,77.53,3.31,0.0,,,
2022-07-24 01:00:00,,22.2,80.5,3.35,0.0,,,
2022-07-24 02:00:00,,21.8,82.01,3.3,0.0,,,
2022-07-24 03:00:00,,21.56,81.9,3.36,0.0,,,
2022-07-24 04:00:00,,21.15,81.63,3.31,0.0,,,
2022-07-24 05:00:00,,20.81,79.95,3.27,0.0,,,
2022-07-24 06:00:00,,20.55,77.83,3.15,0.0,,,
2022-07-24 07:00:00,,20.24,76.65,3.08,0.0,,,
2022-07-24 08:00:00,,19.86,76.5,3.05,0.0,,,
2022-07-24 09:00:00,,19.44,77.29,3.1,0.0,,,
2022-07-24 10:00:00,,19.41,76.78,3.59,5.555599999999999,,,
2022-07-24 11:00:00,,20.62,72.0,4.45,97.22299999999998,,,
2022-07-24 12:00:00,,22.73,65.56,4.57,261.11319999999995,,,
2022-07-24 13:00:00,,25.47,57.74,4.35,427.78119999999996,,,
2022-07-24 14:00:00,,27.85,51.16,4.34,541.6709999999999,,,
2022-07-24 15:00:00,83.88,29.83,45.78,4.58,627.7827999999998,0.0,,14800.8666666667
2022-07-24 16:00:00,79.32,31.13,42.75,4.59,613.8937999999999,0.0,0.0,14800.8666666667
2022-07-24 17:00:00,77.14,31.44,42.03,4.4,544.4487999999999,0.0,0.0,14800.8666666667
2022-07-24 18:00:00,76.125,31.03,44.05,3.94,358.33619999999996,0.0,0.0,14800.8666666667
2022-07-24 19:00:00,75.64666666666666,29.77,51.11,3.03,227.77959999999996,0.0,0.0,14800.8666666667
2022-07-24 20:00:00,75.10000000000001,27.04,62.6,2.15,91.6674,0.0,0.0,14800.8666666667
2022-07-24 21:00:00,74.55666666666667,24.28,68.19,2.26,0.0,0.0,0.0,14800.8666666667
2022-07-24 22:00:00,73.88,23.7,69.74,2.89,0.0,0.0,0.0,14800.8666666667
2022-07-24 23:00:00,73.88,23.15,72.82,3.32,0.0,0.0,0.0,14800.8666666667
2022-07-25 00:00:00,,22.78,75.07,3.5,0.0,,,
2022-07-25 01:00:00,73.06,22.6,75.97,3.56,0.0,0.0,,14800.9666666667
2022-07-25 02:00:00,72.92333333333333,22.42,76.41,3.45,0.0,0.0,0.0,14800.9666666667
2022-07-25 03:00:00,72.92333333333333,22.26,76.64,3.23,0.0,0.0,0.0,14800.9666666667
2022-07-25 04:00:00,72.51333333333334,21.94,77.68,2.91,0.0,1.0,0.0,14800.9666666667
2022-07-25 05:00:00,,21.63,78.55,2.73,0.0,,,
2022-07-25 06:00:00,,21.36,79.09,2.66,0.0,,,
2022-07-25 07:00:00,,20.96,80.14,2.61,0.0,,,
2022-07-25 08:00:00,,20.38,81.72,2.56,0.0,,,
2022-07-25 09:00:00,,20.03,82.17,2.84,0.0,,,
2022-07-25 10:00:00,,20.05,80.9,3.26,5.555599999999999,,,
2022-07-25 11:00:00,,21.54,74.33,4.07,97.22299999999998,,,
2022-07-25 12:00:00,,23.76,66.93,4.16,244.44639999999998,,,
2022-07-25 13:00:00,,26.6,57.13,4.07,388.89199999999994,,,
2022-07-25 14:00:00,,28.89,49.18,4.26,522.2263999999999,,,
2022-07-25 15:00:00,,30.35,44.28,4.24,650.0052,,,
2022-07-25 16:00:00,76.46,31.3,41.57,3.97,655.5607999999999,1.0,,16183.1666666667
2022-07-25 17:00:00,75.37333333333333,31.78,40.19,3.61,588.8936,0.0,1.3666666665994853,16184.5333333333
2022-07-25 18:00:00,75.1,31.5,41.72,3.09,461.11479999999995,0.0,0.0,16184.5333333333
2022-07-25 19:00:00,74.69,30.5,46.11,2.63,291.669,0.0,0.0,16184.5333333333
2022-07-25 20:00:00,74.15333333333334,27.53,60.46,1.81,113.88979999999998,0.0,0.0,16184.5333333333
2022-07-25 21:00:00,73.88,24.43,65.72,1.98,0.0,0.0,0.03333333340015088,16184.5666666667
2022-07-25 22:00:00,73.74333333333334,23.77,66.96,2.53,0.0,0.0,0.0,16184.5666666667
2022-07-25 23:00:00,73.47,23.17,70.64,2.83,0.0,0.0,0.0,16184.5666666667
2022-07-26 00:00:00,73.33333333333333,22.52,75.73,2.95,0.0,0.0,0.06666666660021292,16184.6333333333
2022-07-26 01:00:00,72.78666666666668,21.97,79.84,3.1,0.0,1.0,25.03333333340015,16209.6666666667
2022-07-26 02:00:00,72.65,21.45,82.75,3.18,0.0,1.0,0.03333333330010646,16209.7
2022-07-26 03:00:00,72.78666666666668,20.88,84.81,3.08,0.0,1.0,0.0,16209.7
2022-07-26 04:00:00,72.51333333333334,20.33,85.94,2.95,0.0,1.0,0.03333333330010646,16209.7333333333
2022-07-26 05:00:00,72.37666666666667,19.92,86.02,2.91,0.0,1.0,0.0,16209.7333333333
2022-07-26 06:00:00,72.37666666666667,19.51,86.06,2.89,0.0,1.0,0.0,16209.7333333333
2022-07-26 07:00:00,72.37666666666667,19.09,86.09,2.88,0.0,1.0,0.0,16209.7333333333
2022-07-26 08:00:00,72.24,18.74,85.72,2.94,0.0,1.0,0.0,16209.7333333333
2022-07-26 09:00:00,72.10666666666667,18.54,84.6,3.1,0.0,1.0,0.0,16209.7333333333
2022-07-26 10:00:00,72.10666666666667,18.59,82.38,3.36,5.555599999999999,1.0,0.0,16209.7333333333
2022-07-26 11:00:00,72.10666666666667,20.34,73.59,4.14,122.22319999999999,1.0,0.0,16209.7333333333
2022-07-26 12:00:00,71.70333333333333,22.98,64.13,4.18,308.3358,1.0,0.0,16209.7333333333
2022-07-26 13:00:00,71.56666666666668,26.2,53.81,4.06,475.00379999999996,1.0,0.0,16209.7333333333
2022-07-26 14:00:00,71.56666666666668,28.9,44.87,4.25,594.4492,1.0,0.0,16209.7333333333
2022-07-26 15:00:00,71.70333333333333,30.7,39.22,4.33,675.0054,1.0,0.0,16209.7333333333
2022-07-26 16:00:00,71.97333333333334,31.52,37.12,4.01,669.4498,1.0,0.0,16209.7333333333
2022-07-26 17:00:00,71.84,31.72,36.94,3.68,600.0047999999999,1.0,0.0,16209.7333333333
2022-07-26 18:00:00,72.10666666666667,31.32,39.07,3.28,472.22599999999994,1.0,0.0,16209.7333333333
2022-07-26 19:00:00,72.10666666666667,30.08,45.89,2.67,300.00239999999997,1.0,321.5,16531.2333333333
2022-07-26 20:00:00,76.59666666666668,27.14,59.52,1.86,111.112,1.0,901.0333333333983,17432.2666666667
2022-07-26 21:00:00,79.595,23.95,65.71,1.96,2.7777999999999996,1.0,32.0,17464.2666666667
2022-07-26 22:00:00,77.00666666666666,23.09,68.25,2.27,0.0,0.0,0.06666666660021292,17464.3333333333
2022-07-26 23:00:00,75.92,22.38,72.43,2.34,0.0,0.0,0.0,17464.3333333333
2022-07-27 00:00:00,75.23666666666666,21.74,77.0,2.27,0.0,0.0,0.03333333340196987,17464.3666666667
2022-07-27 01:00:00,74.69,21.27,80.41,2.3,0.0,0.0,0.0,17464.3666666667
2022-07-27 02:00:00,74.55666666666667,20.87,82.34,2.41,0.0,0.0,0.0,17464.3666666667
2022-07-27 03:00:00,74.15333333333334,20.44,83.43,2.47,0.0,0.0,0.0,17464.3666666667
2022-07-27 04:00:00,73.60666666666667,19.94,84.34,2.43,0.0,0.0,0.0,17464.3666666667
2022-07-27 05:00:00,73.33333333333333,19.44,85.36,2.35,0.0,0.0,0.0,17464.3666666667
2022-07-27 06:00:00,73.19666666666667,19.02,86.22,2.36,0.0,0.0,0.09999999999854481,17464.4666666667
2022-07-27 07:00:00,72.92333333333333,18.61,87.54,2.39,0.0,0.0,0.0,17464.4666666667
2022-07-27 08:00:00,72.65,18.24,88.77,2.4,0.0,0.0,0.0,17464.4666666667
2022-07-27 09:00:00,72.51333333333334,18.09,88.56,2.59,0.0,0.0,0.0,17464.4666666667
2022-07-27 10:00:00,72.24,18.19,86.76,2.82,5.555599999999999,0.0,0.0,17464.4666666667
2022-07-27 11:00:00,72.24,19.97,77.33,3.69,108.3342,0.0,0.0,17464.4666666667
2022-07-27 12:00:00,72.24,22.52,66.96,3.8,275.00219999999996,0.0,0.0,17464.4666666667
2022-07-27 13:00:00,72.10666666666667,25.9,54.95,3.8,430.55899999999997,0.0,0.0,17464.4666666667
2022-07-27 14:00:00,71.97333333333334,28.73,44.92,3.98,541.6709999999999,0.0,0.0,17464.4666666667
2022-07-27 15:00:00,72.10666666666667,31.0,39.15,3.9,580.5601999999999,0.0,0.0,17464.4666666667
2022-07-27 16:00:00,71.97333333333334,32.34,38.44,3.46,563.8933999999999,0.0,0.0,17464.4666666667
2022-07-27 17:00:00,72.24,32.82,38.93,3.06,522.2263999999999,0.0,10.066666666600213,17474.5333333333
2022-07-27 18:00:00,72.37666666666667,32.64,41.31,2.62,386.1141999999999,1.0,551.5999999999985,18026.1333333333
2022-07-27 19:00:00,78.36666666666667,32.06,43.42,2.28,238.89079999999998,1.0,506.03333333340197,18532.1666666667
2022-07-27 20:00:00,78.09333333333333,29.0,61.55,1.32,83.33399999999999,0.0,0.0,18532.1666666667
2022-07-27 21:00:00,76.46333333333332,25.86,66.16,1.41,2.7777999999999996,0.0,0.0,18532.1666666667
2022-07-27 22:00:00,75.64666666666666,24.85,67.65,1.52,0.0,0.0,0.03333333330010646,18532.2
2022-07-27 23:00:00,75.51,24.08,69.23,1.61,0.0,0.0,91.5,18623.7
2022-07-28 00:00:00,74.96333333333332,23.38,70.52,1.7,0.0,0.0,0.0,18623.7
2022-07-28 01:00:00,74.55666666666667,22.68,71.9,1.8,0.0,0.0,0.0,18623.7
2022-07-28 02:00:00,74.28666666666668,21.94,73.83,1.95,0.0,0.0,0.0,18623.7
2022-07-28 03:00:00,74.08500000000001,21.2,76.37,2.17,0.0,0.0,0.0,18623.7
2022-07-28 04:00:00,73.675,20.54,79.07,2.41,0.0,0.0,0.0,18623.7
2022-07-28 05:00:00,73.265,19.92,80.92,2.49,0.0,0.0,0.0,18623.7
2022-07-28 06:00:00,73.47,19.35,81.67,2.52,0.0,0.0,0.0,18623.7
2022-07-28 07:00:00,73.265,18.93,81.7,2.66,0.0,0.0,0.0,18623.7
2022-07-28 08:00:00,73.33333333333333,18.51,82.29,2.85,0.0,0.0,0.0,18623.7
2022-07-28 09:00:00,72.65,18.18,82.97,3.08,0.0,0.0,0.0,18623.7
2022-07-28 10:00:00,72.92333333333333,18.11,82.91,3.43,5.555599999999999,0.0,0.0,18623.7
2022-07-28 11:00:00,72.65,19.62,76.3,4.26,105.5564,0.0,0.0,18623.7
2022-07-28 12:00:00,72.37666666666667,22.42,66.06,4.47,266.6688,0.0,0.0,18623.7
2022-07-28 13:00:00,72.37666666666667,26.08,52.63,4.38,416.66999999999996,0.0,74.43333333329792,18698.1333333333
2022-07-28 14:00:00,72.65,28.92,43.37,4.52,536.1153999999999,0.0,0.0,18698.1333333333
2022-07-28 15:00:00,72.65,30.89,37.47,4.66,594.4492,0.0,0.0,18698.1333333333
2022-07-28 16:00:00,72.65,31.87,35.29,4.66,544.4487999999999,0.0,0.0,18698.1333333333
2022-07-28 17:00:00,72.64999999999999,31.49,37.1,4.8,419.4478,0.0,0.0,18698.1333333333
2022-07-28 18:00:00,72.78666666666668,28.48,47.4,5.66,233.33519999999996,0.0,0.0,18698.1333333333
2022-07-28 19:00:00,72.92333333333333,24.63,61.32,7.27,138.89,0.0,0.03333333340196987,18698.1666666667
2022-07-28 20:00:00,72.855,21.5,70.95,7.32,52.7782,0.0,0.0,18698.1666666667
2022-07-28 21:00:00,,19.15,76.79,6.6,2.7777999999999996,,,
2022-07-28 22:00:00,,17.28,83.42,6.37,0.0,,,
2022-07-28 23:00:00,,16.38,89.6,5.87,0.0,,,
2022-07-29 00:00:00,,16.07,91.63,5.87,0.0,,,
2022-07-29 01:00:00,73.47000000000001,15.61,91.56,5.92,0.0,1.0,,19479.4333333333
2022-07-29 02:00:00,77.82333333333334,14.87,91.34,5.54,0.0,1.0,178.13333333339688,19657.5666666667
2022-07-29 03:00:00,76.05333333333334,14.05,91.27,4.92,0.0,0.0,0.0,19657.5666666667
2022-07-29 04:00:00,75.23666666666666,13.26,90.88,4.57,0.0,0.0,0.0,19657.5666666667
2022-07-29 05:00:00,74.69333333333333,12.47,90.3,4.35,0.0,0.0,0.0,19657.5666666667
2022-07-29 06:00:00,74.08500000000001,11.46,92.27,3.89,0.0,0.0,0.0,19657.5666666667
2022-07-29 07:00:00,75.91999999999999,10.67,94.02,3.6,0.0,0.0,0.0,19657.5666666667
2022-07-29 08:00:00,77.14333333333333,10.0,95.75,3.13,0.0,0.0,0.0,19657.5666666667
2022-07-29 09:00:00,75.78333333333335,9.38,97.29,2.71,0.0,0.0,0.0,19657.5666666667
2022-07-29 10:00:00,74.96333333333332,9.04,97.37,2.42,8.3334,0.0,0.0,19657.5666666667
2022-07-29 11:00:00,74.42333333333333,10.44,87.92,2.93,158.33459999999997,0.0,0.0,19657.5666666667
2022-07-29 12:00:00,74.01666666666667,12.6,69.84,3.3,369.44739999999996,0.0,0.0,19657.5666666667
2022-07-29 13:00:00,73.88,14.94,54.77,3.41,550.0043999999999,0.0,0.0,19657.5666666667
2022-07-29 14:00:00,73.60666666666667,16.69,47.69,3.22,675.0054,0.0,0.0,19657.5666666667
2022-07-29 15:00:00,73.47,17.9,43.68,3.24,736.1169999999998,0.0,0.0,19657.5666666667
2022-07-29 16:00:00,73.19666666666667,18.63,41.32,3.27,730.5613999999999,0.0,0.0,19657.5666666667
2022-07-29 17:00:00,73.19666666666667,18.93,40.14,3.22,661.1163999999999,0.0,0.0,19657.5666666667
2022-07-29 18:00:00,73.33333333333333,18.76,40.24,3.1,527.7819999999999,0.0,0.0,19657.5666666667
2022-07-29 19:00:00,73.19666666666667,18.09,41.87,2.85,344.44719999999995,0.0,0.0,19657.5666666667
2022-07-29 20:00:00,73.33333333333333,16.34,52.13,1.85,138.89,0.0,0.0,19657.5666666667
2022-07-29 21:00:00,73.06,12.89,70.13,1.25,5.555599999999999,0.0,0.03333333330010646,19657.6
2022-07-29 22:00:00,73.06,11.89,72.97,1.34,0.0,0.0,0.0,19657.6
2022-07-29 23:00:00,73.06,11.18,75.41,1.35,0.0,0.0,102.5333333333001,19760.1333333333
2022-07-30 00:00:00,73.19666666666667,10.52,78.04,1.29,0.0,0.0,7.7333333334026975,19767.8666666667
2022-07-30 01:00:00,73.06,9.88,80.66,1.25,0.0,0.0,0.0,19767.8666666667
2022-07-30 02:00:00,72.92333333333333,9.27,83.33,1.2,0.0,0.0,0.0,19767.8666666667
2022-07-30 03:00:00,72.78666666666668,8.78,85.41,1.12,0.0,0.0,0.0,19767.8666666667
2022-07-30 04:00:00,72.92333333333333,8.34,87.39,1.1,0.0,0.0,0.0,19767.8666666667
2022-07-30 05:00:00,72.37666666666667,7.84,90.23,1.1,0.0,0.0,0.0,19767.8666666667
2022-07-30 06:00:00,72.37666666666667,7.32,93.15,1.16,0.0,0.0,0.0,19767.8666666667
2022-07-30 07:00:00,72.65,6.88,95.65,1.23,0.0,0.0,0.0,19767.8666666667
2022-07-30 08:00:00,72.24,6.51,97.45,1.3,0.0,0.0,0.0,19767.8666666667
2022-07-30 09:00:00,72.24,6.24,98.65,1.34,0.0,0.0,0.0,19767.8666666667
2022-07-30 10:00:00,75.78333333333333,6.43,96.91,1.42,8.3334,1.0,1245.5,21013.3666666667
2022-07-30 11:00:00,80.13666666666667,9.76,79.43,2.62,158.33459999999997,0.0,0.0,21013.3666666667
2022-07-30 12:00:00,77.14,12.89,66.62,2.75,363.8918,0.0,0.0,21013.3666666667
2022-07-30 13:00:00,75.78333333333335,16.31,52.89,3.5,538.8932,0.0,0.0,21013.3666666667
2022-07-30 14:00:00,75.1,18.34,47.33,3.23,663.8942,0.0,0.0,21013.3666666667
2022-07-30 15:00:00,74.82666666666667,19.92,43.34,2.92,730.5613999999999,0.0,0.0,21013.3666666667
2022-07-30 16:00:00,74.42333333333333,20.98,40.56,2.64,716.6723999999999,0.0,29.533333333300106,21042.9
2022-07-30 17:00:00,74.29,21.55,38.88,2.4,647.2274,0.0,14.966666666699894,21057.8666666667
2022-07-30 18:00:00,74.28666666666668,21.61,38.59,2.17,502.7818,0.0,82.59999999999854,21140.4666666667
2022-07-30 19:00:00,74.42333333333333,21.08,39.85,1.93,322.22479999999996,0.0,0.0,21140.4666666667
2022-07-30 20:00:00,74.42333333333333,18.88,58.78,1.04,127.77879999999999,0.0,0.0,21140.4666666667
2022-07-30 21:00:00,74.01666666666667,15.4,65.61,1.23,5.555599999999999,0.0,0.0,21140.4666666667
2022-07-30 22:00:00,73.88,13.9,70.89,1.39,0.0,0.0,0.0,21140.4666666667
2022-07-30 23:00:00,73.88,13.08,75.02,1.57,0.0,0.0,0.0,21140.4666666667
2022-07-31 00:00:00,73.47,12.39,79.51,1.67,0.0,0.0,0.0,21140.4666666667
2022-07-31 01:00:00,73.33333333333333,11.73,83.76,1.71,0.0,0.0,0.0,21140.4666666667
2022-07-31 02:00:00,73.06,11.12,87.58,1.76,0.0,0.0,0.0,21140.4666666667
2022-07-31 03:00:00,72.78666666666668,10.59,90.32,1.78,0.0,0.0,0.0,21140.4666666667
2022-07-31 04:00:00,73.06,10.06,93.01,1.75,0.0,0.0,0.0,21140.4666666667
2022-07-31 05:00:00,,9.52,95.72,1.64,0.0,,,
2022-07-31 06:00:00,,9.02,98.28,1.54,0.0,,,
2022-07-31 07:00:00,,8.59,100.0,1.49,0.0,,,
2022-07-31 08:00:00,,8.28,100.0,1.52,0.0,,,
2022-07-31 09:00:00,,8.09,100.0,1.57,0.0,,,
2022-07-31 10:00:00,,8.43,98.36,1.66,8.3334,,,
2022-07-31 11:00:00,,11.92,79.42,2.89,125.00099999999999,,,
2022-07-31 12:00:00,,14.88,68.63,2.51,300.00239999999997,,,
2022-07-31 13:00:00,,18.83,55.48,2.56,463.89259999999996,,,
2022-07-31 14:00:00,,22.58,42.56,2.67,586.1157999999999,,,
2022-07-31 15:00:00,,25.13,34.74,2.33,644.4495999999999,,,
2022-07-31 16:00:00,,26.23,33.17,1.97,597.2269999999999,,,
2022-07-31 17:00:00,,26.77,32.79,1.61,452.7813999999999,,,
2022-07-31 18:00:00,72.24,26.67,33.92,1.21,330.55819999999994,0.0,,21140.4666666667
2022-07-31 19:00:00,72.24,26.25,36.81,0.8,186.1126,0.0,0.0,21140.4666666667
2022-07-31 20:00:00,72.24,24.55,49.29,0.57,77.7784,0.0,17.566666666600213,21158.0333333333
2022-07-31 21:00:00,72.24,22.7,52.12,0.8,2.7777999999999996,0.0,0.0,21158.0333333333
2022-07-31 22:00:00,72.10666666666667,21.21,59.08,0.98,0.0,0.0,0.0,21158.0333333333
2022-07-31 23:00:00,72.24,19.77,65.63,1.05,0.0,0.0,0.0,21158.0333333333
2022-08-01 00:00:00,72.14,18.8,69.3,1.12,0.0,0.0,0.0,21158.0333333333
2022-08-01 01:00:00,71.84,18.01,72.6,1.2,0.0,0.0,0.0,21158.0333333333
2022-08-01 02:00:00,71.84,17.16,76.43,1.28,0.0,0.0,0.0,21158.0333333333
2022-08-01 03:00:00,71.84,16.28,80.9,1.3,0.0,0.0,0.0,21158.0333333333
2022-08-01 04:00:00,74.15,15.68,84.75,1.3,0.0,1.0,938.8000000001011,22096.8333333334
2022-08-01 05:00:00,79.45666666666666,15.21,87.68,1.26,0.0,1.0,207.7999999998974,22304.6333333333
2022-08-01 06:00:00,76.73333333333333,14.79,89.87,1.17,0.0,0.0,0.0,22304.6333333333
2022-08-01 07:00:00,75.64666666666666,14.6,90.97,1.05,0.0,0.0,0.0,22304.6333333333
2022-08-01 08:00:00,75.23666666666666,14.46,91.7,1.01,0.0,0.0,0.0,22304.6333333333
2022-08-01 09:00:00,74.55666666666667,14.66,91.12,1.03,0.0,0.0,0.0,22304.6333333333
2022-08-01 10:00:00,74.29,15.19,89.3,1.1,5.555599999999999,0.0,0.0,22304.6333333333
2022-08-01 11:00:00,73.675,17.27,79.53,1.98,86.11179999999999,0.0,0.0,22304.6333333333
2022-08-01 12:00:00,73.47,19.03,72.59,2.06,202.77939999999998,0.0,0.0,22304.6333333333
2022-08-01 13:00:00,73.33333333333333,21.29,67.47,1.78,322.22479999999996,0.0,0.0,22304.6333333333
2022-08-01 14:00:00,73.19666666666667,24.23,57.81,1.72,422.2256,0.0,0.0,22304.6333333333
2022-08-01 15:00:00,72.92333333333333,26.79,46.56,1.76,544.4487999999999,0.0,0.0,22304.6333333333
2022-08-01 16:00:00,73.19666666666667,27.83,44.67,1.76,602.7825999999999,0.0,0.0,22304.6333333333
2022-08-01 17:00:00,73.06,28.3,44.29,1.69,569.4489999999998,0.0,0.0,22304.6333333333
2022-08-01 18:00:00,73.19666666666667,28.42,44.81,1.49,444.448,0.0,0.0,22304.6333333333
2022-08-01 19:00:00,73.06,28.24,47.17,1.07,263.89099999999996,0.0,0.0,22304.6333333333
2022-08-01 20:00:00,73.33333333333333,26.69,61.31,0.66,94.4452,0.0,0.0,22304.6333333333
2022-08-01 21:00:00,73.06,23.95,64.45,1.05,2.7777999999999996,0.0,0.03333333340196987,22304.6666666667
2022-08-01 22:00:00,72.92333333333333,21.95,71.87,1.25,0.0,0.0,0.0,22304.6666666667
2022-08-01 23:00:00,73.06,21.06,74.65,1.52,0.0,0.0,0.0,22304.6666666667
2022-08-02 00:00:00,72.78666666666668,20.37,77.9,1.82,0.0,0.0,91.86666666669771,22396.5333333334
2022-08-02 01:00:00,73.06,19.79,81.42,2.14,0.0,0.0,0.0,22396.5333333334
2022-08-02 02:00:00,72.855,19.42,84.07,2.43,0.0,0.0,0.0,22396.5333333334
2022-08-02 03:00:00,72.92333333333333,19.01,86.66,2.49,0.0,0.0,0.0,22396.5333333334
2022-08-02 04:00:00,73.06,18.54,88.86,2.39,0.0,0.0,0.0,22396.5333333334
2022-08-02 05:00:00,72.65,18.11,90.58,2.29,0.0,0.0,0.0,22396.5333333334
2022-08-02 06:00:00,72.78666666666668,17.94,90.84,2.37,0.0,0.0,0.0,22396.5333333334
2022-08-02 07:00:00,72.78666666666668,18.09,89.58,2.61,0.0,0.0,0.0,22396.5333333334
2022-08-02 08:00:00,72.37666666666667,18.14,88.68,2.8,0.0,0.0,0.0,22396.5333333334
2022-08-02 09:00:00,72.78666666666668,18.1,88.09,3.01,0.0,0.0,0.0,22396.5333333334
2022-08-02 10:00:00,72.78666666666668,18.15,87.1,3.42,5.555599999999999,0.0,0.0,22396.5333333334
2022-08-02 11:00:00,72.65,19.45,80.62,4.17,75.00059999999999,0.0,0.0,22396.5333333334
2022-08-02 12:00:00,72.65,21.88,71.2,4.26,180.557,0.0,0.0,22396.5333333334
2022-08-02 13:00:00,72.65,25.2,58.8,4.25,286.11339999999996,0.0,0.0,22396.5333333334
2022-08-02 14:00:00,72.37666666666667,28.01,49.74,4.37,388.89199999999994,0.0,0.0,22396.5333333334
2022-08-02 15:00:00,72.10666666666667,30.29,41.48,4.71,583.338,0.0,0.0,22396.5333333334
2022-08-02 16:00:00,72.24,31.58,37.0,4.56,658.3385999999999,0.0,0.0,22396.5333333334
2022-08-02 17:00:00,72.51333333333334,31.98,35.8,4.13,594.4492,0.0,0.0,22396.5333333334
2022-08-02 18:00:00,72.65,31.64,37.42,3.52,466.6703999999999,0.0,0.0,22396.5333333334
2022-08-02 19:00:00,72.65,30.45,44.02,2.64,294.4468,0.0,0.0,22396.5333333334
2022-08-02 20:00:00,72.65,27.33,58.63,1.65,108.3342,0.0,0.0,22396.5333333334
2022-08-02 21:00:00,72.65,23.99,64.14,1.85,5.555599999999999,0.0,0.03333333330010646,22396.5666666667
2022-08-02 22:00:00,73.33,23.21,65.42,2.37,0.0,0.0,767.3666666667013,23163.9333333334
2022-08-02 23:00:00,80.815,22.67,68.56,2.74,0.0,0.0,692.6333333332987,23856.5666666667
2022-08-03 00:00:00,79.32000000000001,22.05,73.07,2.73,0.0,0.0,0.0,23856.5666666667
2022-08-03 01:00:00,78.50333333333333,21.49,76.99,2.7,0.0,0.0,520.7000000000007,24377.2666666667
2022-08-03 02:00:00,79.59333333333333,20.94,80.34,2.8,0.0,0.0,0.0,24377.2666666667
2022-08-03 03:00:00,77.68666666666667,20.39,82.97,2.98,0.0,0.0,0.0,24377.2666666667
2022-08-03 04:00:00,76.46,19.92,84.32,3.12,0.0,0.0,0.0,24377.2666666667
2022-08-03 05:00:00,75.78333333333335,19.35,85.14,2.88,0.0,0.0,0.0,24377.2666666667
2022-08-03 06:00:00,75.1,18.9,85.13,2.8,0.0,0.0,0.0,24377.2666666667
2022-08-03 07:00:00,74.96333333333332,18.6,85.17,2.86,0.0,0.0,0.0,24377.2666666667
2022-08-03 08:00:00,74.42333333333333,18.45,85.22,3.02,0.0,0.0,0.0,24377.2666666667
2022-08-03 09:00:00,74.29,18.56,83.98,3.12,0.0,0.0,0.0,24377.2666666667
2022-08-03 10:00:00,76.60000000000001,18.74,82.05,3.18,8.3334,0.0,1005.7000000000007,25382.9666666667
2022-08-03 11:00:00,85.44,20.02,75.26,3.6,100.00079999999998,0.0,970.9000000000015,26353.8666666667
2022-08-03 12:00:00,86.80333333333333,22.19,67.08,3.59,225.0018,0.0,942.5999999999985,27296.4666666667
2022-08-03 13:00:00,84.21666666666667,25.39,56.06,4.11,347.22499999999997,0.0,317.26666666660094,27613.7333333333
2022-08-03 14:00:00,78.91333333333334,28.46,46.61,4.82,444.448,0.0,0.0,27613.7333333333
2022-08-03 15:00:00,76.46333333333332,30.76,40.83,5.37,527.7819999999999,0.0,53.833333333397604,27667.5666666667
2022-08-03 16:00:00,75.92,32.37,36.11,5.62,583.338,0.0,0.0,27667.5666666667
2022-08-03 17:00:00,74.96333333333332,32.97,34.27,5.31,505.5596,0.0,0.0,27667.5666666667
2022-08-03 18:00:00,74.42,32.65,36.2,4.6,344.44719999999995,0.0,0.0,27667.5666666667
2022-08-03 19:00:00,74.01666666666667,31.43,42.39,3.54,194.44599999999997,0.0,0.0,27667.5666666667
2022-08-03 20:00:00,73.60666666666667,28.67,52.22,2.46,75.00059999999999,0.0,0.0,27667.5666666667
2022-08-03 21:00:00,73.19666666666667,26.13,57.07,2.32,2.7777999999999996,0.0,0.0,27667.5666666667
2022-08-03 22:00:00,72.92333333333333,25.7,57.56,2.53,0.0,0.0,149.5333333333001,27817.1
2022-08-03 23:00:00,72.92333333333333,25.29,57.96,2.71,0.0,0.0,0.0,27817.1
2022-08-04 00:00:00,72.65,24.99,57.43,3.03,0.0,0.0,0.0,27817.1
2022-08-04 01:00:00,72.51333333333334,24.42,57.48,3.21,0.0,0.0,0.0,27817.1
2022-08-04 02:00:00,72.10666666666667,23.73,58.35,3.11,0.0,0.0,0.0,27817.1
2022-08-04 03:00:00,71.84,23.14,59.74,2.95,0.0,0.0,0.0,27817.1
2022-08-04 04:00:00,71.84,22.68,60.62,3.09,0.0,0.0,0.0,27817.1
2022-08-04 05:00:00,74.69666666666667,22.39,60.15,3.81,0.0,1.0,1187.1666666667006,29004.2666666667
2022-08-04 06:00:00,79.18666666666667,22.11,59.75,4.43,0.0,0.0,0.0,29004.2666666667
2022-08-04 07:00:00,76.32666666666667,21.53,61.99,4.02,0.0,0.0,0.0,29004.2666666667
2022-08-04 08:00:00,74.79249999999999,20.75,67.71,3.65,0.0,0.0,0.0,29004.2666666667
2022-08-04 09:00:00,74.01666666666667,19.59,76.92,4.21,0.0,0.0,0.0,29004.2666666667
2022-08-04 10:00:00,73.60666666666667,18.2,84.28,4.42,2.7777999999999996,0.0,0.0,29004.2666666667
2022-08-04 11:00:00,73.19666666666667,17.69,83.07,4.82,41.666999999999994,0.0,0.0,29004.2666666667
2022-08-04 12:00:00,72.92333333333333,17.72,78.92,4.89,108.3342,0.0,0.0,29004.2666666667
2022-08-04 13:00:00,72.51333333333334,17.9,76.75,4.83,169.4458,0.0,0.0,29004.2666666667
2022-08-04 14:00:00,72.51333333333334,18.03,75.92,4.64,352.7806,0.0,136.46666666660167,29140.7333333333
2022-08-04 15:00:00,75.51,18.8,72.04,4.42,594.4492,0.0,158.4666666666999,29299.2
2022-08-04 16:00:00,74.69333333333333,20.09,65.32,4.01,627.7827999999998,0.0,0.0,29299.2
2022-08-04 17:00:00,74.08500000000001,21.42,58.96,3.88,552.7822,0.0,0.0,29299.2
2022-08-04 18:00:00,73.88,22.18,55.55,3.93,433.3368,0.0,0.0,29299.2
2022-08-04 19:00:00,73.88,21.83,56.5,4.29,261.11319999999995,0.0,0.0,29299.2
2022-08-04 20:00:00,73.60666666666667,20.54,61.52,3.86,100.00079999999998,0.0,0.0,29299.2
2022-08-04 21:00:00,73.33333333333333,18.38,71.71,2.94,2.7777999999999996,0.0,0.0,29299.2
2022-08-04 22:00:00,72.92333333333333,17.24,77.28,2.84,0.0,0.0,0.0,29299.2
2022-08-04 23:00:00,72.855,16.15,82.53,2.48,0.0,0.0,131.4666666666999,29430.6666666667
2022-08-05 00:00:00,75.37333333333333,15.31,86.48,2.37,0.0,0.0,438.7999999999993,29869.4666666667
2022-08-05 01:00:00,75.64666666666666,14.6,90.26,2.34,0.0,0.0,0.0,29869.4666666667
2022-08-05 02:00:00,74.82666666666667,13.95,94.46,2.33,0.0,0.0,0.0,29869.4666666667
2022-08-05 03:00:00,74.15333333333334,13.31,99.64,2.26,0.0,0.0,0.0,29869.4666666667
2022-08-05 04:00:00,73.88,12.8,100.0,2.1,0.0,0.0,0.0,29869.4666666667
2022-08-05 05:00:00,73.47,12.4,100.0,2.02,0.0,0.0,0.0,29869.4666666667
2022-08-05 06:00:00,73.19666666666667,11.95,100.0,2.02,0.0,0.0,0.0,29869.4666666667
2022-08-05 07:00:00,73.06,11.45,100.0,2.08,0.0,0.0,0.0,29869.4666666667
2022-08-05 08:00:00,72.78666666666668,10.94,100.0,2.14,0.0,0.0,0.0,29869.4666666667
2022-08-05 09:00:00,72.37666666666667,10.39,100.0,2.02,0.0,0.0,0.0,29869.4666666667
2022-08-05 10:00:00,72.37666666666667,10.33,100.0,2.16,5.555599999999999,0.0,0.0,29869.4666666667
2022-08-05 11:00:00,72.10666666666667,12.38,86.59,3.39,97.22299999999998,0.0,0.0,29869.4666666667
2022-08-05 12:00:00,72.10666666666667,14.41,73.25,3.38,222.224,0.0,0.0,29869.4666666667
2022-08-05 13:00:00,71.97333333333334,16.53,63.78,3.16,350.0028,0.0,0.0,29869.4666666667
2022-08-05 14:00:00,71.84,18.64,56.7,3.05,627.7827999999998,0.0,0.0,29869.4666666667
2022-08-05 15:00:00,71.70333333333333,20.33,51.33,3.02,725.0057999999999,1.0,323.36666666670135,30192.8333333334
2022-08-05 16:00:00,76.19,21.51,46.57,2.94,661.1163999999999,1.0,486.2999999998974,30679.1333333333
2022-08-05 17:00:00,76.59666666666668,22.11,42.74,2.84,633.3383999999999,0.0,4.666666666700621,30683.8
2022-08-05 18:00:00,75.51,22.07,40.94,2.81,500.00399999999996,0.0,0.0,30683.8
2022-08-05 19:00:00,74.82666666666667,21.4,41.57,2.74,322.22479999999996,0.0,0.0,30683.8
2022-08-05 20:00:00,74.49000000000001,19.4,52.99,1.93,130.55659999999997,0.0,0.0,30683.8
2022-08-05 21:00:00,74.01666666666667,15.55,69.78,1.47,5.555599999999999,0.0,0.0,30683.8
2022-08-05 22:00:00,73.74333333333333,14.39,73.28,1.78,0.0,0.0,14.066666666702076,30697.8666666667
2022-08-05 23:00:00,73.47,13.6,76.57,1.96,0.0,0.0,0.0,30697.8666666667
2022-08-06 00:00:00,73.19666666666667,12.84,80.17,2.05,0.0,0.0,73.0,30770.8666666667
2022-08-06 01:00:00,73.19666666666667,12.17,83.55,2.07,0.0,0.0,0.0,30770.8666666667
2022-08-06 02:00:00,73.19666666666667,11.55,86.79,1.97,0.0,0.0,0.0,30770.8666666667
2022-08-06 03:00:00,72.78666666666668,11.02,89.38,1.8,0.0,0.0,0.0,30770.8666666667
2022-08-06 04:00:00,72.65,11.07,89.29,1.75,0.0,0.0,0.0,30770.8666666667
2022-08-06 05:00:00,72.37666666666667,11.11,89.62,1.55,0.0,0.0,0.0,30770.8666666667
2022-08-06 06:00:00,72.37666666666667,11.63,87.38,1.78,0.0,0.0,0.0,30770.8666666667
2022-08-06 07:00:00,72.10666666666667,11.93,86.9,1.98,0.0,0.0,0.0,30770.8666666667
2022-08-06 08:00:00,71.84,11.98,87.85,2.12,0.0,0.0,0.0,30770.8666666667
2022-08-06 09:00:00,71.84,12.03,89.38,1.69,0.0,0.0,0.0,30770.8666666667
2022-08-06 10:00:00,71.97333333333334,12.3,89.84,1.82,5.555599999999999,0.0,0.0,30770.8666666667
2022-08-06 11:00:00,71.84,12.84,89.08,2.37,36.111399999999996,0.0,0.0,30770.8666666667
2022-08-06 12:00:00,73.33333333333333,13.59,88.52,2.37,72.22279999999999,1.0,932.5666666666984,31703.4333333334
2022-08-06 13:00:00,77.82333333333334,14.68,86.57,2.5,97.22299999999998,0.0,1.233333333300834,31704.6666666667
2022-08-06 14:00:00,76.05666666666667,15.85,84.24,2.59,100.00079999999998,0.0,56.89999999999782,31761.5666666667
2022-08-06 15:00:00,80.67999999999999,16.94,83.36,2.75,105.5564,0.0,0.0,31761.5666666667
2022-08-06 16:00:00,78.37,17.94,81.77,2.09,86.11179999999999,0.0,0.0,31761.5666666667
2022-08-06 17:00:00,77.41333333333334,18.28,81.11,1.72,105.5564,0.0,0.0,31761.5666666667
2022-08-06 18:00:00,76.73333333333333,18.31,81.75,1.42,94.4452,0.0,0.0,31761.5666666667
2022-08-06 19:00:00,77.14,18.02,84.24,1.61,58.33379999999999,0.0,0.0,31761.5666666667
2022-08-06 20:00:00,78.91000000000001,17.26,89.77,1.68,25.000199999999996,0.0,0.0,31761.5666666667
2022-08-06 21:00:00,77.96,16.1,94.67,1.73,2.7777999999999996,0.0,0.0,31761.5666666667
2022-08-06 22:00:00,77.00333333333333,15.5,95.52,2.2,0.0,0.0,0.0,31761.5666666667
2022-08-06 23:00:00,76.59666666666668,14.93,96.41,2.29,0.0,0.0,0.0,31761.5666666667
2022-08-07 00:00:00,76.05666666666667,14.33,97.31,2.01,0.0,0.0,0.0,31761.5666666667
2022-08-07 01:00:00,76.05666666666667,13.57,98.97,1.53,0.0,0.0,0.0,31761.5666666667
2022-08-07 02:00:00,75.78333333333335,12.95,99.98,1.25,0.0,0.0,0.0,31761.5666666667
2022-08-07 03:00:00,75.37333333333333,12.49,100.0,1.09,0.0,0.0,0.0,31761.5666666667
2022-08-07 04:00:00,74.96333333333332,12.29,99.94,1.13,0.0,0.0,0.0,31761.5666666667
2022-08-07 05:00:00,74.895,12.04,99.41,1.32,0.0,0.0,0.0,31761.5666666667
2022-08-07 06:00:00,74.55666666666667,11.79,98.73,1.64,0.0,0.0,0.0,31761.5666666667
2022-08-07 07:00:00,74.29,11.52,98.03,1.94,0.0,0.0,0.0,31761.5666666667
2022-08-07 08:00:00,73.88,11.26,97.6,2.12,0.0,0.0,0.0,31761.5666666667
2022-08-07 09:00:00,73.60666666666667,11.02,97.39,2.02,0.0,0.0,0.0,31761.5666666667
2022-08-07 10:00:00,73.74333333333333,11.16,96.42,2.07,5.555599999999999,0.0,0.0,31761.5666666667
2022-08-07 11:00:00,73.47,12.53,92.39,2.69,50.00039999999999,0.0,0.0,31761.5666666667
2022-08-07 12:00:00,73.19666666666667,14.26,86.87,2.5,113.88979999999998,0.0,0.0,31761.5666666667
2022-08-07 13:00:00,73.06,15.47,82.28,1.95,186.1126,0.0,0.0,31761.5666666667
2022-08-07 14:00:00,72.78666666666668,16.22,79.37,2.05,308.3358,0.0,27.033333333300106,31788.6
2022-08-07 15:00:00,72.7525,17.22,75.42,2.19,413.89219999999995,0.0,0.0,31788.6
2022-08-07 16:00:00,73.06,18.48,70.44,2.19,372.2252,0.0,0.0,31788.6
2022-08-07 17:00:00,72.51333333333334,19.87,65.43,2.41,311.1136,0.0,0.0,31788.6
2022-08-07 18:00:00,72.78666666666668,20.5,63.03,2.71,230.55739999999997,0.0,0.0,31788.6
2022-08-07 19:00:00,72.65,20.23,63.55,2.94,150.00119999999998,0.0,0.0,31788.6
2022-08-07 20:00:00,72.51333333333334,18.96,69.6,2.42,55.556,0.0,0.0,31788.6
2022-08-07 21:00:00,72.65,16.35,83.14,1.48,2.7777999999999996,0.0,0.0,31788.6
2022-08-07 22:00:00,72.51333333333334,15.87,85.7,1.63,0.0,0.0,0.0,31788.6
2022-08-07 23:00:00,72.51333333333334,15.5,87.69,1.81,0.0,0.0,0.0,31788.6
2022-08-08 00:00:00,72.24,14.94,90.64,1.81,0.0,0.0,0.0,31788.6
2022-08-08 01:00:00,72.24,14.15,94.69,1.56,0.0,0.0,0.0,31788.6
2022-08-08 02:00:00,72.10666666666667,13.43,99.24,1.31,0.0,0.0,0.0,31788.6
2022-08-08 03:00:00,71.97333333333334,12.93,100.0,1.34,0.0,0.0,0.0,31788.6
2022-08-08 04:00:00,71.97333333333334,12.63,100.0,1.67,0.0,0.0,0.0,31788.6
2022-08-08 05:00:00,71.97333333333334,12.51,100.0,2.05,0.0,0.0,0.0,31788.6
2022-08-08 06:00:00,72.03999999999999,12.61,99.93,2.41,0.0,0.0,0.0,31788.6
2022-08-08 07:00:00,71.97333333333334,12.55,98.89,2.41,0.0,0.0,0.0,31788.6
2022-08-08 08:00:00,71.84,12.43,98.58,2.37,0.0,0.0,0.0,31788.6
2022-08-08 09:00:00,71.43,12.54,97.49,2.39,0.0,1.0,68.13333333340051,31856.7333333334
2022-08-08 10:00:00,72.51333333333334,12.65,96.86,2.25,8.3334,1.0,4.200000000000728,31860.9333333334
2022-08-08 11:00:00,74.28666666666668,14.3,88.7,2.9,94.4452,1.0,0.0,31860.9333333334
2022-08-08 12:00:00,74.15333333333334,16.78,77.02,3.03,225.0018,1.0,0.0,31860.9333333334
2022-08-08 13:00:00,74.01666666666667,18.91,67.57,2.85,355.55839999999995,1.0,25.26666666660094,31886.2
2022-08-08 14:00:00,74.28666666666668,20.5,62.07,2.76,408.3366,1.0,0.46666666669989354,31886.6666666667
2022-08-08 15:00:00,74.42333333333333,21.69,58.64,2.89,333.33599999999996,1.0,0.0,31886.6666666667
2022-08-08 16:00:00,74.29,22.39,56.51,3.19,313.8913999999999,1.0,170.33333333329938,32057.0
2022-08-08 17:00:00,79.72666666666667,22.58,55.64,3.58,286.11339999999996,1.0,533.1333333332987,32590.1333333333
2022-08-08 18:00:00,77.41333333333334,22.32,55.92,3.93,222.224,0.0,0.0,32590.1333333333
2022-08-08 19:00:00,76.32666666666667,21.48,58.12,4.1,141.6678,0.0,0.0,32590.1333333333
2022-08-08 20:00:00,75.78333333333335,20.0,63.79,3.83,72.22279999999999,0.0,0.0,32590.1333333333
2022-08-08 21:00:00,75.305,18.29,71.49,3.8,5.555599999999999,0.0,0.0,32590.1333333333
2022-08-08 22:00:00,74.96333333333332,17.41,75.87,4.44,0.0,0.0,0.0,32590.1333333333
2022-08-08 23:00:00,74.29,16.55,80.12,4.6,0.0,0.0,0.0,32590.1333333333
2022-08-09 00:00:00,74.15333333333334,15.68,84.28,4.43,0.0,0.0,0.0,32590.1333333333
2022-08-09 01:00:00,73.88,14.85,88.63,4.14,0.0,0.0,0.0,32590.1333333333
2022-08-09 02:00:00,73.74333333333333,14.06,92.58,3.86,0.0,0.0,0.0,32590.1333333333
2022-08-09 03:00:00,73.33333333333333,13.83,92.59,4.1,0.0,0.0,0.0,32590.1333333333
2022-08-09 04:00:00,73.06,13.74,92.56,3.94,0.0,0.0,0.0,32590.1333333333
2022-08-09 05:00:00,72.78666666666668,13.74,91.56,4.27,0.0,0.0,0.0,32590.1333333333
2022-08-09 06:00:00,72.78666666666668,13.63,91.18,4.42,0.0,0.0,0.0,32590.1333333333
2022-08-09 07:00:00,72.65,13.28,92.32,4.23,0.0,0.0,0.0,32590.1333333333
2022-08-09 08:00:00,72.65,12.81,93.36,4.13,0.0,0.0,0.0,32590.1333333333
2022-08-09 09:00:00,72.51333333333334,12.47,93.37,3.85,0.0,0.0,0.0,32590.1333333333
2022-08-09 10:00:00,72.24,12.23,93.24,3.91,8.3334,0.0,0.0,32590.1333333333
2022-08-09 11:00:00,72.10666666666667,13.1,87.28,4.52,61.111599999999996,0.0,0.0,32590.1333333333
2022-08-09 12:00:00,72.10666666666667,14.66,78.33,5.25,130.55659999999997,0.0,0.0,32590.1333333333
2022-08-09 13:00:00,71.84,16.27,69.9,5.5,200.00159999999997,0.0,0.0,32590.1333333333
2022-08-09 14:00:00,72.24,17.55,63.1,5.4,294.4468,0.0,0.0,32590.1333333333
2022-08-09 15:00:00,71.97333333333334,18.21,59.42,5.4,244.44639999999998,0.0,0.0,32590.1333333333
2022-08-09 16:00:00,71.84,18.3,58.21,5.49,288.89119999999997,0.0,0.0,32590.1333333333
2022-08-09 17:00:00,71.84,18.29,57.2,5.63,261.11319999999995,0.0,0.0,32590.1333333333
2022-08-09 18:00:00,71.84,17.93,56.91,5.68,252.7798,0.0,0.0,32590.1333333333
2022-08-09 19:00:00,71.70333333333333,17.27,57.86,5.6,177.77919999999997,0.0,0.0,32590.1333333333
2022-08-09 20:00:00,71.56666666666668,16.0,62.5,5.07,86.11179999999999,0.0,0.0,32590.1333333333
2022-08-09 21:00:00,71.70333333333333,14.31,71.03,4.3,5.555599999999999,0.0,0.0,32590.1333333333
2022-08-09 22:00:00,71.56666666666668,13.35,76.6,4.4,0.0,0.0,0.0,32590.1333333333
2022-08-09 23:00:00,71.56666666666668,12.57,80.76,4.51,0.0,0.0,0.0,32590.1333333333
2022-08-10 00:00:00,71.43,11.8,84.73,4.45,0.0,0.0,0.0,32590.1333333333
2022-08-10 01:00:00,71.43,11.09,88.66,4.53,0.0,0.0,0.0,32590.1333333333
2022-08-10 02:00:00,71.43,10.61,91.5,4.62,0.0,0.0,0.0,32590.1333333333
2022-08-10 03:00:00,71.15666666666667,10.32,92.64,4.69,0.0,0.0,0.0,32590.1333333333
2022-08-10 04:00:00,71.43,10.07,92.89,4.71,0.0,0.0,0.0,32590.1333333333
2022-08-10 05:00:00,71.02,9.86,93.1,4.58,0.0,0.0,0.0,32590.1333333333
2022-08-10 06:00:00,71.15666666666667,9.87,91.82,4.73,0.0,0.0,0.0,32590.1333333333
2022-08-10 07:00:00,71.02,9.67,92.48,4.19,0.0,0.0,0.0,32590.1333333333
2022-08-10 08:00:00,70.88333333333333,9.58,92.76,3.79,0.0,1.0,136.3000000000029,32726.4333333333
2022-08-10 09:00:00,75.91666666666667,9.61,92.21,3.67,0.0,1.0,1250.099999999995,33976.5333333333
2022-08-10 10:00:00,79.86333333333333,9.83,90.39,3.64,8.3334,0.0,0.0,33976.5333333333
2022-08-10 11:00:00,76.735,10.28,86.21,3.87,86.11179999999999,0.0,0.0,33976.5333333333
2022-08-10 12:00:00,75.23666666666666,11.13,81.14,3.75,180.557,0.0,0.0,33976.5333333333
2022-08-10 13:00:00,74.42333333333333,12.78,73.25,3.53,275.00219999999996,0.0,0.0,33976.5333333333
2022-08-10 14:00:00,74.29,15.41,62.88,3.37,386.1141999999999,0.0,0.0,33976.5333333333
2022-08-10 15:00:00,73.74333333333333,17.27,56.63,3.31,511.11519999999996,0.0,0.0,33976.5333333333
2022-08-10 16:00:00,73.33333333333333,18.39,53.56,3.19,475.00379999999996,0.0,0.0,33976.5333333333
2022-08-10 17:00:00,73.06,19.04,52.02,2.96,436.1146,0.0,0.0,33976.5333333333
2022-08-10 18:00:00,73.06,19.04,52.19,2.7,336.11379999999997,0.0,0.0,33976.5333333333
2022-08-10 19:00:00,73.06,18.59,53.58,2.37,213.89059999999998,0.0,0.0,33976.5333333333
2022-08-10 20:00:00,72.65,17.27,61.48,1.6,100.00079999999998,0.0,0.0,33976.5333333333
2022-08-10 21:00:00,72.24,14.48,77.78,0.95,8.3334,0.0,0.0,33976.5333333333
2022-08-10 22:00:00,72.24,14.02,78.96,1.1,0.0,0.0,0.0,33976.5333333333
2022-08-10 23:00:00,72.24,13.91,79.06,1.27,0.0,0.0,0.0,33976.5333333333
2022-08-11 00:00:00,72.03999999999999,13.68,80.18,1.3,0.0,0.0,0.0,33976.5333333333
2022-08-11 01:00:00,71.84,13.15,82.68,1.21,0.0,0.0,0.0,33976.5333333333
2022-08-11 02:00:00,71.70333333333333,12.31,85.19,1.23,0.0,0.0,0.0,33976.5333333333
2022-08-11 03:00:00,71.56666666666668,11.07,88.78,1.27,0.0,0.0,0.0,33976.5333333333
2022-08-11 04:00:00,71.43,10.2,92.11,1.3,0.0,0.0,0.0,33976.5333333333
2022-08-11 05:00:00,71.43,9.65,94.83,1.35,0.0,0.0,0.0,33976.5333333333
2022-08-11 06:00:00,71.15666666666667,9.16,97.95,1.34,0.0,0.0,0.0,33976.5333333333
2022-08-11 07:00:00,71.02,8.67,100.0,1.26,0.0,0.0,0.0,33976.5333333333
2022-08-11 08:00:00,71.02,8.24,100.0,1.18,0.0,0.0,0.0,33976.5333333333
2022-08-11 09:00:00,71.02,7.89,100.0,1.15,0.0,0.0,0.0,33976.5333333333
2022-08-11 10:00:00,70.88333333333333,8.23,100.0,1.14,16.6668,1.0,325.5333333334056,34302.0666666667
2022-08-11 11:00:00,80.68,11.7,86.31,2.21,169.4458,1.0,883.4000000000015,35185.4666666667
2022-08-11 12:00:00,77.14333333333333,15.16,69.19,2.95,363.8918,0.0,0.0,35185.4666666667
2022-08-11 13:00:00,75.23666666666666,18.2,55.8,3.8,547.2266,0.0,0.0,35185.4666666667
2022-08-11 14:00:00,74.29,20.11,50.88,3.58,702.7833999999999,0.0,0.0,35185.4666666667
2022-08-11 15:00:00,73.88,21.6,48.15,3.18,766.6727999999998,0.0,0.0,35185.4666666667
2022-08-11 16:00:00,73.33333333333333,22.53,46.52,2.82,758.3394,0.0,0.0,35185.4666666667
2022-08-11 17:00:00,73.06,23.0,45.74,2.6,683.3387999999999,0.0,0.0,35185.4666666667
2022-08-11 18:00:00,72.92333333333333,22.96,46.1,2.6,544.4487999999999,0.0,0.0,35185.4666666667
2022-08-11 19:00:00,72.92333333333333,22.39,47.87,2.7,361.114,0.0,0.0,35185.4666666667
2022-08-11 20:00:00,72.65,20.57,59.05,1.89,152.779,0.0,0.0,35185.4666666667
2022-08-11 21:00:00,72.51333333333334,16.7,74.31,1.41,8.3334,0.0,37.73333333329356,35223.2
2022-08-11 22:00:00,72.37666666666667,15.66,77.16,1.75,0.0,0.0,0.0,35223.2
2022-08-11 23:00:00,72.24,15.09,80.16,1.95,0.0,0.0,0.0,35223.2
2022-08-12 00:00:00,71.84,14.5,83.98,2.01,0.0,0.0,0.0,35223.2
2022-08-12 01:00:00,71.70333333333333,13.96,87.58,2.02,0.0,0.0,0.0,35223.2
2022-08-12 02:00:00,71.56666666666668,13.59,90.04,2.03,0.0,0.0,0.0,35223.2
2022-08-12 03:00:00,71.15666666666667,13.14,92.52,1.97,0.0,0.0,0.0,35223.2
2022-08-12 04:00:00,71.29333333333334,12.67,94.96,2.02,0.0,0.0,0.0,35223.2
2022-08-12 05:00:00,71.02,12.34,96.21,2.23,0.0,0.0,0.0,35223.2
2022-08-12 06:00:00,71.02,12.07,96.74,2.46,0.0,0.0,0.0,35223.2
2022-08-12 07:00:00,74.28666666666668,11.76,98.0,2.6,0.0,1.0,1217.300000000003,36440.5
2022-08-12 08:00:00,80.41000000000001,11.43,99.55,2.74,0.0,1.0,165.06666666670208,36605.5666666667
2022-08-12 09:00:00,76.46,11.07,100.0,2.7,0.0,0.0,0.0,36605.5666666667
2022-08-12 10:00:00,75.23666666666666,11.12,99.61,2.88,16.6668,0.0,0.0,36605.5666666667
2022-08-12 11:00:00,74.15333333333334,13.55,85.34,3.77,169.4458,0.0,0.0,36605.5666666667
2022-08-12 12:00:00,73.47,17.03,67.85,4.19,361.114,0.0,0.0,36605.5666666667
2022-08-12 13:00:00,72.78666666666668,20.44,52.96,5.31,533.3376,0.0,0.0,36605.5666666667
2022-08-12 14:00:00,72.64999999999999,22.69,44.15,5.85,652.783,0.0,0.0,36605.5666666667
2022-08-12 15:00:00,72.37666666666667,23.88,40.07,5.8,713.8945999999999,0.0,0.0,36605.5666666667
2022-08-12 16:00:00,72.24,24.61,38.16,5.58,711.1167999999999,0.0,0.0,36605.5666666667
2022-08-12 17:00:00,72.24,24.88,37.5,5.38,655.5607999999999,0.0,0.0,36605.5666666667
2022-08-12 18:00:00,71.97333333333334,24.64,38.11,5.12,511.11519999999996,0.0,0.0,36605.5666666667
2022-08-12 19:00:00,71.635,23.76,41.45,4.58,327.78039999999993,0.0,15.566666666600213,36621.1333333333
2022-08-12 20:00:00,71.84,21.72,51.08,3.38,136.11219999999997,0.0,0.0,36621.1333333333
2022-08-12 21:00:00,71.70333333333333,18.68,64.83,2.63,8.3334,0.0,0.0,36621.1333333333
2022-08-12 22:00:00,71.43,17.9,70.12,2.99,0.0,0.0,0.0,36621.1333333333
2022-08-12 23:00:00,71.29333333333334,17.35,74.65,3.05,0.0,0.0,0.0,36621.1333333333
2022-08-13 00:00:00,71.02,16.66,78.78,2.83,0.0,0.0,0.0,36621.1333333333
2022-08-13 01:00:00,70.88333333333333,15.94,82.34,2.51,0.0,0.0,0.0,36621.1333333333
2022-08-13 02:00:00,70.74666666666667,15.35,84.63,2.33,0.0,1.0,0.03333333339833189,36621.1666666667
2022-08-13 03:00:00,70.74666666666667,15.18,84.19,2.48,0.0,1.0,87.93333333329792,36709.1
2022-08-13 04:00:00,76.32666666666667,15.27,82.32,2.79,0.0,1.0,1052.9666666667035,37762.0666666667
2022-08-13 05:00:00,77.14333333333333,15.05,81.78,2.97,0.0,0.0,0.0,37762.0666666667
2022-08-13 06:00:00,74.96333333333332,14.67,82.26,3.04,0.0,0.0,0.0,37762.0666666667
2022-08-13 07:00:00,74.15333333333334,14.29,83.11,3.09,0.0,0.0,0.0,37762.0666666667
2022-08-13 08:00:00,73.47,13.97,83.95,3.1,0.0,0.0,0.0,37762.0666666667
2022-08-13 09:00:00,73.265,13.57,85.18,3.05,0.0,0.0,0.0,37762.0666666667
2022-08-13 10:00:00,72.64999999999999,13.57,84.42,3.23,13.889,0.0,0.0,37762.0666666667
2022-08-13 11:00:00,72.37666666666667,15.43,75.45,3.75,111.112,0.0,0.0,37762.0666666667
2022-08-13 12:00:00,72.10666666666667,18.33,65.15,3.53,255.55759999999998,0.0,0.0,37762.0666666667
2022-08-13 13:00:00,71.84,21.79,53.64,3.97,388.89199999999994,0.0,0.0,37762.0666666667
2022-08-13 14:00:00,71.56666666666668,24.38,46.12,4.03,516.6708,0.0,0.0,37762.0666666667
2022-08-13 15:00:00,71.56666666666668,26.52,38.84,4.03,594.4492,0.0,0.0,37762.0666666667
2022-08-13 16:00:00,71.70333333333333,27.73,37.26,3.58,600.0047999999999,0.0,0.0,37762.0666666667
2022-08-13 17:00:00,71.43,28.4,37.93,3.16,555.56,0.0,0.0,37762.0666666667
2022-08-13 18:00:00,71.43,28.58,40.54,2.85,391.66979999999995,0.0,0.0,37762.0666666667
2022-08-13 19:00:00,71.43,28.15,45.75,2.58,233.33519999999996,0.0,0.0,37762.0666666667
2022-08-13 20:00:00,71.43,25.85,58.63,1.9,91.6674,0.0,0.0,37762.0666666667
2022-08-13 21:00:00,71.43,22.56,66.5,2.14,5.555599999999999,0.0,0.0,37762.0666666667
2022-08-13 22:00:00,71.15666666666667,21.73,68.09,2.87,0.0,0.0,0.0,37762.0666666667
2022-08-13 23:00:00,71.15666666666667,21.04,70.82,3.2,0.0,0.0,0.0,37762.0666666667
2022-08-14 00:00:00,71.02,20.74,72.23,3.46,0.0,0.0,0.0,37762.0666666667
2022-08-14 01:00:00,71.83666666666666,20.36,74.16,3.44,0.0,1.0,844.9333333332979,38607.0
2022-08-14 02:00:00,79.05,20.05,75.52,3.39,0.0,1.0,287.1999999999971,38894.2
2022-08-14 03:00:00,76.53,19.82,76.38,3.52,0.0,0.0,0.0,38894.2
2022-08-14 04:00:00,75.1,19.53,77.8,3.49,0.0,0.0,0.0,38894.2
2022-08-14 05:00:00,73.88,19.22,79.69,3.36,0.0,0.0,0.0,38894.2
2022-08-14 06:00:00,73.47,18.98,80.83,3.36,0.0,0.0,0.0,38894.2
2022-08-14 07:00:00,72.92333333333333,18.84,81.22,3.34,0.0,0.0,0.0,38894.2
2022-08-14 08:00:00,72.78666666666668,18.63,81.98,3.31,0.0,0.0,0.0,38894.2
2022-08-14 09:00:00,72.445,18.5,81.83,3.44,0.0,0.0,0.0,38894.2
2022-08-14 10:00:00,72.11,18.43,80.87,3.55,11.111199999999998,0.0,0.0,38894.2
2022-08-14 11:00:00,71.83666666666666,19.03,76.46,3.71,133.3344,0.0,0.0,38894.2
2022-08-14 12:00:00,71.70333333333333,21.04,66.24,3.99,300.00239999999997,0.0,0.0,38894.2
2022-08-14 13:00:00,71.56666666666668,23.4,55.77,4.64,469.44819999999993,0.0,0.0,38894.2
2022-08-14 14:00:00,71.29333333333334,24.74,52.04,4.6,580.5601999999999,0.0,0.0,38894.2
2022-08-14 15:00:00,71.225,26.65,47.6,5.01,647.2274,0.0,0.0,38894.2
2022-08-14 16:00:00,71.15666666666667,28.67,43.21,5.41,702.7833999999999,0.0,0.0,38894.2
2022-08-14 17:00:00,71.56666666666668,30.44,40.25,5.56,630.5605999999999,0.0,0.0,38894.2
2022-08-14 18:00:00,71.29333333333334,31.36,39.48,5.55,455.5591999999999,0.0,0.0,38894.2
2022-08-14 19:00:00,71.43,30.7,42.75,4.61,283.3356,0.0,0.0,38894.2
2022-08-14 20:00:00,71.29333333333334,28.48,50.14,3.37,113.88979999999998,0.0,0.0,38894.2
2022-08-14 21:00:00,71.29333333333334,26.38,55.14,3.1,5.555599999999999,0.0,0.0,38894.2
2022-08-14 22:00:00,71.29333333333334,25.78,56.43,3.58,0.0,0.0,0.0,38894.2
2022-08-14 23:00:00,71.02,25.24,58.43,4.05,0.0,0.0,0.0,38894.2
2022-08-15 00:00:00,71.02,24.64,60.51,4.45,0.0,0.0,0.0,38894.2
2022-08-15 01:00:00,71.56333333333333,24.12,61.53,4.8,0.0,1.0,647.0666666667021,39541.2666666667
2022-08-15 02:00:00,79.32333333333334,23.74,61.22,5.07,0.0,1.0,639.7000000000044,40180.9666666667
2022-08-15 03:00:00,76.325,23.37,60.66,5.25,0.0,0.0,0.0,40180.9666666667
2022-08-15 04:00:00,74.82666666666667,22.77,60.73,5.23,0.0,0.0,0.0,40180.9666666667
2022-08-15 05:00:00,74.28666666666668,22.1,61.22,4.86,0.0,0.0,0.0,40180.9666666667
2022-08-15 06:00:00,73.88,22.11,58.86,5.01,0.0,0.0,0.0,40180.9666666667
2022-08-15 07:00:00,73.06,22.14,57.62,5.12,0.0,0.0,0.0,40180.9666666667
2022-08-15 08:00:00,72.855,21.54,60.45,4.06,0.0,0.0,0.0,40180.9666666667
2022-08-15 09:00:00,72.51333333333334,21.2,61.75,4.03,0.0,0.0,0.0,40180.9666666667
2022-08-15 10:00:00,72.445,21.24,61.34,4.36,13.889,0.0,0.0,40180.9666666667
2022-08-15 11:00:00,72.24,22.4,58.04,4.9,138.89,0.0,0.0,40180.9666666667
2022-08-15 12:00:00,72.10666666666667,24.78,51.5,5.6,297.2246,0.0,0.0,40180.9666666667
2022-08-15 13:00:00,71.97333333333334,28.04,44.13,6.32,447.2258,0.0,0.0,40180.9666666667
2022-08-15 14:00:00,71.56666666666668,31.32,39.35,7.62,594.4492,0.0,0.0,40180.9666666667
2022-08-15 15:00:00,71.70333333333333,33.01,37.56,8.02,702.7833999999999,0.0,127.36666666659585,40308.3333333333
2022-08-15 16:00:00,71.97333333333334,33.92,36.45,7.43,641.6718,0.0,0.0,40308.3333333333
2022-08-15 17:00:00,71.97333333333334,34.21,36.44,6.45,575.0045999999999,0.0,0.0,40308.3333333333
2022-08-15 18:00:00,72.10666666666667,33.65,39.09,4.8,441.67019999999997,0.0,0.0,40308.3333333333
2022-08-15 19:00:00,72.10666666666667,31.93,47.57,2.46,272.22439999999995,0.0,0.0,40308.3333333333
2022-08-15 20:00:00,71.84,28.73,60.84,1.8,108.3342,0.0,0.0,40308.3333333333
2022-08-15 21:00:00,71.84,25.81,70.85,4.22,5.555599999999999,0.0,0.0,40308.3333333333
2022-08-15 22:00:00,71.70333333333333,23.53,78.69,5.16,0.0,0.0,0.0,40308.3333333333
2022-08-15 23:00:00,71.43,22.39,82.65,4.62,0.0,0.0,0.0,40308.3333333333
2022-08-16 00:00:00,71.43,21.86,83.75,4.38,0.0,0.0,0.0,40308.3333333333
2022-08-16 01:00:00,71.15666666666667,21.23,85.94,5.07,0.0,0.0,0.0,40308.3333333333
2022-08-16 02:00:00,71.02,20.29,87.67,5.85,0.0,0.0,0.0,40308.3333333333
2022-08-16 03:00:00,71.02,18.82,85.14,5.79,0.0,0.0,0.0,40308.3333333333
2022-08-16 04:00:00,72.78666666666668,17.0,87.43,5.16,0.0,1.0,981.4000000001033,41289.7333333334
2022-08-16 05:00:00,76.87,15.62,88.25,5.17,0.0,0.0,0.16666666659875773,41289.9
2022-08-16 06:00:00,74.96666666666667,14.95,88.02,5.04,0.0,0.0,0.0,41289.9
2022-08-16 07:00:00,74.14999999999999,14.74,88.4,3.46,0.0,0.0,0.0,41289.9
2022-08-16 08:00:00,73.60666666666667,14.6,88.75,2.98,0.0,0.0,0.0,41289.9
2022-08-16 09:00:00,73.19666666666667,14.26,90.73,2.15,0.0,0.0,0.0,41289.9
2022-08-16 10:00:00,72.92333333333333,13.86,92.36,1.6,11.111199999999998,0.0,0.0,41289.9
2022-08-16 11:00:00,72.51333333333334,15.04,85.8,2.61,127.77879999999999,0.0,0.0,41289.9
2022-08-16 12:00:00,72.24,17.55,75.9,2.04,272.22439999999995,0.0,0.0,41289.9
2022-08-16 13:00:00,72.24,20.02,67.93,1.89,441.67019999999997,0.0,0.0,41289.9
2022-08-16 14:00:00,71.70333333333333,22.2,61.99,1.96,597.2269999999999,0.0,0.0,41289.9
2022-08-16 15:00:00,71.70333333333333,23.95,57.41,0.73,588.8936,0.0,0.0,41289.9
2022-08-16 16:00:00,71.56666666666668,25.47,51.06,0.45,533.3376,0.0,0.0,41289.9
2022-08-16 17:00:00,71.56666666666668,26.17,47.83,1.27,455.5591999999999,0.0,0.0,41289.9
2022-08-16 18:00:00,71.56666666666668,26.1,47.81,1.62,408.3366,0.0,0.0,41289.9
2022-08-16 19:00:00,71.56666666666668,25.55,49.38,1.45,272.22439999999995,0.0,0.0,41289.9
2022-08-16 20:00:00,71.56666666666668,24.18,57.26,0.98,122.22319999999999,0.0,0.0,41289.9
2022-08-16 21:00:00,71.43,21.1,71.82,0.86,8.3334,0.0,0.0,41289.9
2022-08-16 22:00:00,71.15666666666667,19.5,76.02,1.1,0.0,0.0,0.0,41289.9
2022-08-16 23:00:00,71.43,18.54,80.74,1.29,0.0,0.0,0.0,41289.9
2022-08-17 00:00:00,71.15666666666667,17.91,84.71,1.5,0.0,0.0,0.0,41289.9
2022-08-17 01:00:00,71.02,17.52,87.74,1.86,0.0,0.0,0.0,41289.9
2022-08-17 02:00:00,71.02,17.39,89.44,2.48,0.0,0.0,0.0,41289.9
2022-08-17 03:00:00,70.815,17.18,92.02,2.92,0.0,1.0,539.1999999999971,41829.1
2022-08-17 04:00:00,77.55,16.67,96.67,2.81,0.0,1.0,644.9666666667035,42474.0666666667
2022-08-17 05:00:00,76.87,16.17,100.0,2.51,0.0,0.0,0.0,42474.0666666667
2022-08-17 06:00:00,75.23666666666666,16.08,100.0,2.22,0.0,0.0,0.0,42474.0666666667
2022-08-17 07:00:00,73.88,16.21,100.0,2.14,0.0,0.0,0.0,42474.0666666667
2022-08-17 08:00:00,73.60666666666667,16.48,100.0,2.49,0.0,0.0,0.0,42474.0666666667
2022-08-17 09:00:00,73.19666666666667,16.61,100.0,2.71,0.0,0.0,0.0,42474.0666666667
2022-08-17 10:00:00,73.06,17.19,98.89,3.23,13.889,0.0,0.0,42474.0666666667
2022-08-17 11:00:00,72.64999999999999,19.13,92.17,4.0,91.6674,0.0,0.0,42474.0666666667
2022-08-17 12:00:00,72.24,21.56,83.05,4.93,183.3348,0.0,0.0,42474.0666666667
2022-08-17 13:00:00,72.10666666666667,24.17,71.25,5.13,263.89099999999996,0.0,0.0,42474.0666666667
2022-08-17 14:00:00,72.24,26.14,64.11,5.11,283.3356,0.0,0.0,42474.0666666667
2022-08-17 15:00:00,71.70333333333333,27.57,60.47,5.27,308.3358,0.0,0.0,42474.0666666667
2022-08-17 16:00:00,71.70333333333333,28.37,59.32,5.03,288.89119999999997,0.0,0.0,42474.0666666667
2022-08-17 17:00:00,71.635,28.62,59.41,4.51,88.88959999999999,0.0,0.0,42474.0666666667
2022-08-17 18:00:00,71.84,28.4,61.3,3.7,125.00099999999999,0.0,0.0,42474.0666666667
2022-08-17 19:00:00,71.43,27.54,67.09,2.46,77.7784,0.0,0.0,42474.0666666667
2022-08-17 20:00:00,71.70333333333333,25.77,79.25,1.31,25.000199999999996,0.0,0.0,42474.0666666667
2022-08-17 21:00:00,71.43,24.17,87.46,1.61,2.7777999999999996,0.0,0.0,42474.0666666667
2022-08-17 22:00:00,71.43,23.19,93.09,2.54,0.0,0.0,0.0,42474.0666666667
2022-08-17 23:00:00,71.15666666666667,22.8,94.71,0.64,0.0,0.0,0.0,42474.0666666667
2022-08-18 00:00:00,71.15666666666667,21.05,94.56,4.15,0.0,0.0,0.0,42474.0666666667
2022-08-18 01:00:00,71.15666666666667,17.04,90.95,7.78,0.0,0.0,0.0,42474.0666666667
2022-08-18 02:00:00,70.88333333333333,14.53,86.24,7.26,0.0,1.0,256.40000000000146,42730.4666666667
2022-08-18 03:00:00,78.64,14.3,86.08,7.53,0.0,1.0,1017.5666666665929,43748.0333333333
2022-08-18 04:00:00,77.95666666666666,13.66,83.54,7.91,0.0,0.0,0.0,43748.0333333333
2022-08-18 05:00:00,78.64,12.49,77.23,7.35,0.0,0.0,0.0,43748.0333333333
2022-08-18 06:00:00,80.27333333333333,11.59,72.97,6.1,0.0,0.0,0.0,43748.0333333333
2022-08-18 07:00:00,78.36666666666667,11.07,71.3,5.24,0.0,0.0,0.0,43748.0333333333
2022-08-18 08:00:00,76.87,10.56,70.24,5.23,0.0,0.0,0.0,43748.0333333333
2022-08-18 09:00:00,75.78333333333335,10.01,69.56,5.62,0.0,0.0,0.0,43748.0333333333
2022-08-18 10:00:00,74.96333333333332,9.5,70.5,6.15,16.6668,0.0,0.0,43748.0333333333
2022-08-18 11:00:00,74.28666666666668,10.36,65.38,7.47,177.77919999999997,0.0,0.0,43748.0333333333
2022-08-18 12:00:00,73.675,12.45,53.69,7.9,386.1141999999999,0.0,0.0,43748.0333333333
2022-08-18 13:00:00,73.47,14.59,43.11,7.88,563.8933999999999,0.0,0.0,43748.0333333333
2022-08-18 14:00:00,73.06,16.36,36.1,7.9,711.1167999999999,0.0,0.0,43748.0333333333
2022-08-18 15:00:00,72.65,17.6,31.56,7.92,794.4507999999998,0.0,0.0,43748.0333333333
2022-08-18 16:00:00,72.51333333333334,18.13,29.21,8.02,811.1175999999999,0.0,0.0,43748.0333333333
2022-08-18 17:00:00,72.10666666666667,18.13,28.59,8.0,738.8947999999999,0.0,0.0,43748.0333333333
2022-08-18 18:00:00,72.10666666666667,17.72,29.26,7.8,600.0047999999999,0.0,0.0,43748.0333333333
2022-08-18 19:00:00,71.97333333333334,16.87,30.48,7.3,408.3366,0.0,0.0,43748.0333333333
2022-08-18 20:00:00,71.70333333333333,15.5,32.66,6.28,188.8904,0.0,0.0,43748.0333333333
2022-08-18 21:00:00,71.84,13.22,39.07,4.86,13.889,0.0,0.0,43748.0333333333
2022-08-18 22:00:00,71.43,11.71,44.73,4.69,0.0,0.0,0.0,43748.0333333333
2022-08-18 23:00:00,71.02,10.57,49.45,4.53,0.0,0.0,0.0,43748.0333333333
2022-08-19 00:00:00,71.02,9.44,54.64,4.03,0.0,0.0,0.0,43748.0333333333
2022-08-19 01:00:00,70.88333333333334,8.43,60.03,3.6,0.0,1.0,417.6000000000058,44165.6333333333
2022-08-19 02:00:00,73.60333333333334,7.43,66.52,3.13,0.0,1.0,257.6999999999971,44423.3333333333
2022-08-19 03:00:00,76.05666666666667,6.48,73.56,2.65,0.0,1.0,62.16666666670062,44485.5
2022-08-19 04:00:00,75.51,5.72,80.18,2.41,0.0,0.0,0.0,44485.5
2022-08-19 05:00:00,74.15333333333334,5.19,85.38,2.48,0.0,0.0,0.0,44485.5
2022-08-19 06:00:00,73.19666666666667,4.8,89.42,2.6,0.0,0.0,0.0,44485.5
2022-08-19 07:00:00,72.92333333333333,4.42,92.02,2.52,0.0,0.0,0.0,44485.5
2022-08-19 08:00:00,72.37666666666667,3.94,93.97,2.24,0.0,0.0,0.0,44485.5
2022-08-19 09:00:00,72.24,3.31,95.99,1.76,0.0,0.0,0.0,44485.5
2022-08-19 10:00:00,71.97333333333334,3.68,92.59,1.81,33.3336,0.0,0.0,44485.5
2022-08-19 11:00:00,71.56666666666668,6.82,71.33,2.94,238.89079999999998,0.0,0.0,44485.5
2022-08-19 12:00:00,71.29333333333334,10.15,49.29,3.7,463.89259999999996,0.0,0.0,44485.5
2022-08-19 13:00:00,71.15666666666667,12.31,40.65,3.61,650.0052,0.0,0.0,44485.5
2022-08-19 14:00:00,71.02,14.26,34.96,3.5,780.5618,0.0,0.0,44485.5
2022-08-19 15:00:00,71.83666666666666,15.83,30.93,3.4,841.6733999999999,1.0,640.6333333333023,45126.1333333333
2022-08-19 16:00:00,76.87,16.89,28.62,3.29,833.3399999999999,1.0,114.5666666666948,45240.7
2022-08-19 17:00:00,74.96666666666667,17.48,27.55,3.17,755.5616,0.0,0.0,45240.7
2022-08-19 18:00:00,74.01666666666667,17.49,27.67,3.1,611.116,0.0,0.0,45240.7
2022-08-19 19:00:00,73.60666666666667,16.88,29.09,3.03,416.66999999999996,0.0,0.0,45240.7
2022-08-19 20:00:00,72.92333333333333,15.24,35.96,2.44,191.66819999999996,0.0,0.0,45240.7
2022-08-19 21:00:00,72.65,10.98,58.19,1.47,13.889,0.0,0.0,45240.7
2022-08-19 22:00:00,72.37666666666667,9.44,62.45,1.69,0.0,0.0,0.0,45240.7
2022-08-19 23:00:00,71.97333333333334,8.62,65.29,1.85,0.0,0.0,0.0,45240.7
2022-08-20 00:00:00,71.43,7.82,68.63,1.88,0.0,0.0,0.0,45240.7
2022-08-20 01:00:00,71.29333333333334,7.03,72.26,1.81,0.0,0.0,0.0,45240.7
2022-08-20 02:00:00,71.15666666666667,6.25,75.88,1.64,0.0,0.0,0.0,45240.7
2022-08-20 03:00:00,70.74666666666667,5.54,79.32,1.47,0.0,1.0,186.73333333330083,45427.4333333333
2022-08-20 04:00:00,71.97333333333334,4.95,81.88,1.39,0.0,1.0,203.13333333340415,45630.5666666667
2022-08-20 05:00:00,74.55666666666666,4.41,84.41,1.35,0.0,1.0,91.69999999999709,45722.2666666667
2022-08-20 06:00:00,76.05666666666667,3.94,86.42,1.31,0.0,1.0,42.033333333303744,45764.3
2022-08-20 07:00:00,74.83,3.51,88.23,1.31,0.0,0.0,0.0,45764.3
2022-08-20 08:00:00,73.60666666666667,3.15,89.86,1.35,0.0,0.0,0.0,45764.3
2022-08-20 09:00:00,72.92333333333333,2.9,90.62,1.44,0.0,0.0,0.0,45764.3
2022-08-20 10:00:00,72.65,3.69,86.95,1.68,33.3336,0.0,0.0,45764.3
2022-08-20 11:00:00,72.24,7.18,69.2,2.8,236.11299999999997,0.0,0.0,45764.3
2022-08-20 12:00:00,71.70333333333333,10.86,55.36,2.72,458.33699999999993,0.0,0.0,45764.3
2022-08-20 13:00:00,71.225,14.87,42.58,3.11,641.6718,0.0,0.0,45764.3
2022-08-20 14:00:00,71.29333333333334,17.96,35.12,3.43,769.4505999999999,0.0,0.0,45764.3
2022-08-20 15:00:00,71.29333333333334,19.49,33.46,3.07,830.5622,0.0,0.0,45764.3
2022-08-20 16:00:00,71.29333333333334,20.42,33.24,2.61,822.2287999999999,0.0,0.0,45764.3
2022-08-20 17:00:00,71.02,20.91,33.4,2.27,741.6725999999999,0.0,0.0,45764.3
2022-08-20 18:00:00,71.02,20.87,34.17,2.23,600.0047999999999,0.0,0.0,45764.3
2022-08-20 19:00:00,71.02,20.26,35.73,2.41,405.55879999999996,0.0,0.0,45764.3
2022-08-20 20:00:00,70.88333333333333,18.41,45.57,1.91,180.557,1.0,562.2999999999956,46326.6
2022-08-20 21:00:00,77.01,13.91,64.3,1.36,13.889,1.0,412.1666666667006,46738.7666666667
2022-08-20 22:00:00,76.32666666666667,12.28,68.15,1.56,0.0,0.0,0.0,46738.7666666667
2022-08-20 23:00:00,74.2875,11.38,71.75,1.72,0.0,0.0,0.0,46738.7666666667
2022-08-21 00:00:00,73.47,10.48,75.7,1.8,0.0,0.0,0.0,46738.7666666667
2022-08-21 01:00:00,72.65,9.59,79.01,1.72,0.0,0.0,0.0,46738.7666666667
2022-08-21 02:00:00,72.37666666666667,8.82,81.37,1.58,0.0,0.0,0.0,46738.7666666667
2022-08-21 03:00:00,71.84,8.21,83.01,1.47,0.0,0.0,0.0,46738.7666666667
2022-08-21 04:00:00,71.70333333333333,7.71,85.25,1.41,0.0,0.0,0.0,46738.7666666667
2022-08-21 05:00:00,71.56666666666668,7.23,88.06,1.37,0.0,0.0,0.0,46738.7666666667
2022-08-21 06:00:00,71.29333333333334,6.79,91.05,1.35,0.0,0.0,0.0,46738.7666666667
2022-08-21 07:00:00,71.02,6.4,93.52,1.32,0.0,0.0,0.0,46738.7666666667
2022-08-21 08:00:00,75.37666666666667,6.08,95.45,1.27,0.0,1.0,864.3000000000029,47603.0666666667
2022-08-21 09:00:00,76.19,5.93,95.97,1.32,0.0,0.0,0.0,47603.0666666667
2022-08-21 10:00:00,74.14999999999999,6.9,90.79,1.51,30.555799999999998,0.0,0.0,47603.0666666667
2022-08-21 11:00:00,73.33333333333333,10.57,72.25,2.59,219.44619999999998,0.0,0.0,47603.0666666667
2022-08-21 12:00:00,72.78666666666668,14.09,61.06,2.03,436.1146,0.0,0.0,47603.0666666667
2022-08-21 13:00:00,72.37666666666667,19.36,45.99,1.74,616.6716,0.0,0.0,47603.0666666667
2022-08-21 14:00:00,72.10666666666667,21.76,42.57,1.4,744.4504,0.0,0.0,47603.0666666667
2022-08-21 15:00:00,71.56666666666668,23.08,40.86,1.22,813.8954,0.0,0.0,47603.0666666667
2022-08-21 16:00:00,71.43,23.96,39.63,1.13,802.7841999999999,0.0,0.0,47603.0666666667
2022-08-21 17:00:00,71.56666666666668,24.45,39.08,1.19,722.228,0.0,0.0,47603.0666666667
2022-08-21 18:00:00,71.29333333333334,24.45,39.47,1.38,575.0045999999999,0.0,0.0,47603.0666666667
2022-08-21 19:00:00,71.43,23.93,41.41,1.61,380.5586,0.0,0.0,47603.0666666667
2022-08-21 20:00:00,71.43,22.34,52.25,1.25,166.66799999999998,0.0,0.0,47603.0666666667
2022-08-21 21:00:00,71.02,18.18,69.04,1.13,11.111199999999998,0.0,0.0,47603.0666666667
2022-08-21 22:00:00,71.02,16.52,73.45,1.43,0.0,0.0,0.0,47603.0666666667
2022-08-21 23:00:00,70.88333333333333,15.84,77.9,1.76,0.0,1.0,587.3333333332994,48190.4
2022-08-22 00:00:00,78.50333333333333,15.24,83.19,1.97,0.0,1.0,509.2666666665973,48699.6666666666
2022-08-22 01:00:00,75.64666666666666,14.59,88.3,1.96,0.0,0.0,0.0,48699.6666666666
2022-08-22 02:00:00,74.14999999999999,13.89,94.1,1.81,0.0,0.0,0.0,48699.6666666666
2022-08-22 03:00:00,73.33333333333333,13.21,100.0,1.56,0.0,0.0,0.0,48699.6666666666
2022-08-22 04:00:00,72.64999999999999,12.64,100.0,1.32,0.0,0.0,0.0,48699.6666666666
2022-08-22 05:00:00,72.24,12.44,100.0,1.17,0.0,0.0,0.0,48699.6666666666
2022-08-22 06:00:00,71.97333333333334,12.56,100.0,1.12,0.0,0.0,0.0,48699.6666666666
2022-08-22 07:00:00,71.70333333333333,12.46,100.0,1.16,0.0,0.0,0.0,48699.6666666666
2022-08-22 08:00:00,71.29333333333334,12.05,100.0,1.26,0.0,0.0,0.0,48699.6666666666
2022-08-22 09:00:00,71.29333333333334,11.69,100.0,1.33,0.0,0.0,0.0,48699.6666666666
2022-08-22 10:00:00,73.47,12.34,100.0,1.58,30.555799999999998,1.0,1050.9666666667035,49750.6333333333
2022-08-22 11:00:00,78.50333333333333,15.53,84.63,2.78,213.89059999999998,0.0,0.0,49750.6333333333
2022-08-22 12:00:00,75.64666666666666,19.12,69.48,2.71,425.00339999999994,0.0,0.0,49750.6333333333
2022-08-22 13:00:00,74.01666666666667,23.05,56.68,2.79,602.7825999999999,0.0,0.0,49750.6333333333
2022-08-22 14:00:00,73.47,24.99,52.2,2.47,722.228,0.0,0.0,49750.6333333333
2022-08-22 15:00:00,73.06,26.2,49.35,2.17,719.4501999999999,0.0,0.0,49750.6333333333
2022-08-22 16:00:00,72.51333333333334,27.01,47.23,2.1,661.1163999999999,0.0,0.0,49750.6333333333
2022-08-22 17:00:00,72.24333333333334,27.39,46.05,2.19,591.6714,0.0,0.0,49750.6333333333
2022-08-22 18:00:00,71.97333333333334,27.35,46.21,2.28,436.1146,0.0,0.0,49750.6333333333
2022-08-22 19:00:00,71.70333333333333,26.86,47.66,2.31,302.7802,0.0,0.0,49750.6333333333
2022-08-22 20:00:00,71.70333333333333,25.3,57.35,1.63,138.89,0.0,0.0,49750.6333333333
2022-08-22 21:00:00,71.43,21.71,73.41,1.15,11.111199999999998,0.0,0.0,49750.6333333333
2022-08-22 22:00:00,71.43,20.45,77.02,1.43,0.0,0.0,0.0,49750.6333333333
2022-08-22 23:00:00,70.88333333333333,19.79,80.48,1.72,0.0,1.0,646.7999999999956,50397.4333333333
2022-08-23 00:00:00,77.27666666666666,19.06,85.34,1.89,0.0,1.0,308.0,50705.4333333333
2022-08-23 01:00:00,74.96666666666667,18.26,90.74,1.9,0.0,0.0,0.0,50705.4333333333
2022-08-23 02:00:00,73.60666666666667,17.6,95.56,1.83,0.0,0.0,0.0,50705.4333333333
2022-08-23 03:00:00,73.265,17.0,99.6,1.66,0.0,0.0,0.0,50705.4333333333
2022-08-23 04:00:00,72.24,16.51,100.0,1.52,0.0,0.0,0.0,50705.4333333333
2022-08-23 05:00:00,72.37666666666667,16.1,100.0,1.5,0.0,0.0,0.0,50705.4333333333
2022-08-23 06:00:00,71.84,15.77,100.0,1.55,0.0,0.0,0.0,50705.4333333333
2022-08-23 07:00:00,71.43,15.74,100.0,1.73,0.0,0.0,0.0,50705.4333333333
2022-08-23 08:00:00,71.43,15.45,100.0,1.82,0.0,0.0,0.0,50705.4333333333
2022-08-23 09:00:00,71.29333333333334,15.3,100.0,1.96,0.0,0.0,0.0,50705.4333333333
2022-08-23 10:00:00,71.02,16.15,98.67,2.62,27.778,0.0,0.0,50705.4333333333
2022-08-23 11:00:00,72.78666666666668,18.7,85.07,3.55,194.44599999999997,1.0,856.1666666667006,51561.6
2022-08-23 12:00:00,76.87,21.94,71.42,3.51,386.1141999999999,0.0,0.0,51561.6
2022-08-23 13:00:00,74.29,25.47,57.51,3.88,558.3377999999999,0.0,0.0,51561.6
2022-08-23 14:00:00,73.47,28.18,48.4,4.14,677.7832,0.0,0.0,51561.6
2022-08-23 15:00:00,73.06,29.83,42.89,3.99,750.006,0.0,0.0,51561.6
2022-08-23 16:00:00,72.65,30.46,39.54,3.71,738.8947999999999,0.0,0.0,51561.6
2022-08-23 17:00:00,72.51333333333334,30.59,37.89,3.5,661.1163999999999,0.0,0.0,51561.6
2022-08-23 18:00:00,72.24,30.14,38.29,3.3,508.33739999999995,0.0,0.0,51561.6
2022-08-23 19:00:00,72.10666666666667,29.14,41.84,2.96,316.66919999999993,0.0,0.0,51561.6
2022-08-23 20:00:00,71.97333333333334,26.98,53.3,2.17,127.77879999999999,0.0,0.0,51561.6
2022-08-23 21:00:00,71.84,23.97,63.75,2.15,8.3334,0.0,0.0,51561.6
2022-08-23 22:00:00,71.43,23.05,67.64,2.89,0.0,0.0,0.0,51561.6
2022-08-23 23:00:00,71.29333333333334,22.38,72.58,3.24,0.0,0.0,0.0,51561.6
2022-08-24 00:00:00,70.88333333333333,21.68,77.91,3.27,0.0,1.0,478.16666666659876,52039.7666666666
2022-08-24 01:00:00,74.96333333333334,21.12,82.15,3.29,0.0,1.0,346.6000000001004,52386.3666666667
2022-08-24 02:00:00,75.78,20.61,85.56,3.34,0.0,0.0,0.0,52386.3666666667
2022-08-24 03:00:00,74.28666666666668,20.11,88.37,3.44,0.0,0.0,0.0,52386.3666666667
2022-08-24 04:00:00,73.47,19.51,91.42,3.49,0.0,0.0,0.0,52386.3666666667
2022-08-24 05:00:00,73.19666666666667,18.9,94.28,3.44,0.0,0.0,0.0,52386.3666666667
2022-08-24 06:00:00,72.51333333333334,18.39,96.05,3.25,0.0,0.0,0.0,52386.3666666667
2022-08-24 07:00:00,72.24,17.94,97.12,3.0,0.0,0.0,0.0,52386.3666666667
2022-08-24 08:00:00,71.70333333333333,17.54,97.73,2.8,0.0,0.0,0.0,52386.3666666667
2022-08-24 09:00:00,71.70333333333333,17.25,97.48,2.75,0.0,0.0,0.0,52386.3666666667
2022-08-24 10:00:00,71.43,17.63,93.41,3.24,25.000199999999996,0.0,0.0,52386.3666666667
2022-08-24 11:00:00,71.15666666666667,19.76,81.24,3.75,180.557,0.0,0.0,52386.3666666667
2022-08-24 12:00:00,71.02,23.23,65.1,3.75,363.8918,0.0,0.0,52386.3666666667
2022-08-24 13:00:00,71.83666666666666,26.77,51.49,4.18,541.6709999999999,1.0,382.96666666660167,52769.3333333333
2022-08-24 14:00:00,74.55666666666666,30.05,40.9,4.58,675.0054,1.0,18.16666666670062,52787.5
2022-08-24 15:00:00,75.92,31.89,36.63,4.19,777.7839999999999,1.0,83.59999999999854,52871.1
2022-08-24 16:00:00,75.78333333333333,32.8,34.64,3.57,769.4505999999999,1.0,0.0,52871.1
2022-08-24 17:00:00,74.82666666666667,33.12,33.7,3.04,691.6722,0.0,0.0,52871.1
2022-08-24 18:00:00,73.74333333333333,32.83,33.88,2.73,552.7822,0.0,0.0,52871.1
2022-08-24 19:00:00,73.33333333333333,31.83,36.75,2.51,369.44739999999996,0.0,0.0,52871.1
2022-08-24 20:00:00,73.06,29.32,49.19,1.84,161.11239999999998,0.0,0.0,52871.1
2022-08-24 21:00:00,72.92333333333333,25.78,60.37,2.0,11.111199999999998,0.0,0.0,52871.1
2022-08-24 22:00:00,72.37666666666667,24.67,63.81,2.9,0.0,0.0,0.0,52871.1
2022-08-24 23:00:00,72.37666666666667,23.85,69.1,3.37,0.0,0.0,0.0,52871.1
2022-08-25 00:00:00,71.70333333333333,23.08,74.37,3.51,0.0,0.0,0.0,52871.1
2022-08-25 01:00:00,71.43,22.38,78.88,3.52,0.0,0.0,0.0,52871.1
2022-08-25 02:00:00,71.29333333333334,21.79,82.36,3.51,0.0,0.0,0.0,52871.1
2022-08-25 03:00:00,71.15666666666667,21.25,84.99,3.42,0.0,0.0,0.0,52871.1
2022-08-25 04:00:00,72.92333333333333,20.73,87.16,3.3,0.0,1.0,924.0999999999985,53795.2
2022-08-25 05:00:00,76.73333333333333,20.26,88.97,3.15,0.0,0.0,0.0,53795.2
2022-08-25 06:00:00,74.83,19.81,90.64,3.01,0.0,0.0,0.0,53795.2
2022-08-25 07:00:00,74.01666666666667,19.35,92.19,2.88,0.0,0.0,0.0,53795.2
2022-08-25 08:00:00,73.47,19.01,92.97,2.86,0.0,0.0,0.0,53795.2
2022-08-25 09:00:00,72.92333333333333,18.85,92.13,3.03,0.0,0.0,0.0,53795.2
2022-08-25 10:00:00,72.64999999999999,19.2,88.05,3.49,27.778,0.0,0.0,53795.2
2022-08-25 11:00:00,72.37666666666667,21.11,77.08,4.01,200.00159999999997,0.0,0.0,53795.2
2022-08-25 12:00:00,72.10666666666667,24.12,63.59,3.9,394.44759999999997,0.0,0.0,53795.2
2022-08-25 13:00:00,71.84,27.5,50.46,4.03,575.0045999999999,0.0,0.0,53795.2
2022-08-25 14:00:00,71.70333333333333,30.6,39.85,4.42,688.8943999999999,0.0,0.0,53795.2
2022-08-25 15:00:00,71.43,32.17,35.16,4.09,752.7837999999999,0.0,0.0,53795.2
2022-08-25 16:00:00,71.56666666666668,33.11,32.89,3.64,741.6725999999999,0.0,0.0,53795.2
2022-08-25 17:00:00,71.43,33.34,32.13,3.37,658.3385999999999,0.0,0.0,53795.2
2022-08-25 18:00:00,71.43,33.03,32.64,3.24,538.8932,0.0,0.0,53795.2
2022-08-25 19:00:00,71.43,32.17,35.38,3.02,361.114,0.0,0.0,53795.2
2022-08-25 20:00:00,71.15666666666667,29.86,46.44,2.11,158.33459999999997,0.0,0.0,53795.2
2022-08-25 21:00:00,71.02,25.77,60.03,1.74,11.111199999999998,0.0,0.0,53795.2
2022-08-25 22:00:00,70.88333333333333,24.43,63.76,2.16,0.0,1.0,0.0,53795.2
2022-08-25 23:00:00,70.815,23.7,68.62,2.48,0.0,1.0,0.0,53795.2
2022-08-26 00:00:00,70.61,22.89,74.73,2.58,0.0,1.0,0.0,53795.2
2022-08-26 01:00:00,70.74666666666667,22.12,80.24,2.55,0.0,1.0,0.0,53795.2
2022-08-26 02:00:00,70.61,21.41,84.68,2.48,0.0,1.0,0.0,53795.2
2022-08-26 03:00:00,70.47333333333334,20.73,88.14,2.4,0.0,1.0,0.0,53795.2
2022-08-26 04:00:00,70.47333333333334,20.04,91.05,2.3,0.0,1.0,0.0,53795.2
2022-08-26 05:00:00,70.06666666666666,19.34,94.2,2.19,0.0,1.0,0.0,53795.2
2022-08-26 06:00:00,70.06666666666666,18.7,97.19,2.12,0.0,1.0,0.0,53795.2
2022-08-26 07:00:00,70.06666666666666,18.15,99.97,2.15,0.0,1.0,0.0,53795.2
2022-08-26 08:00:00,69.93333333333334,17.73,100.0,2.27,0.0,1.0,0.0,53795.2
2022-08-26 09:00:00,69.93333333333334,17.48,100.0,2.44,0.0,1.0,0.0,53795.2
2022-08-26 10:00:00,69.93333333333334,18.01,96.85,3.1,33.3336,1.0,0.0,53795.2
2022-08-26 11:00:00,69.8,20.34,83.12,3.79,216.6684,1.0,0.0,53795.2
2022-08-26 12:00:00,69.79666666666667,23.8,66.08,3.66,425.00339999999994,1.0,0.0,53795.2
2022-08-26 13:00:00,69.66333333333334,27.57,49.34,3.75,600.0047999999999,1.0,0.0,53795.2
2022-08-26 14:00:00,69.8,30.88,35.74,4.13,725.0057999999999,1.0,0.0,53795.2
2022-08-26 15:00:00,69.8,32.56,30.06,3.95,788.8951999999999,1.0,0.0,53795.2
2022-08-26 16:00:00,70.06666666666666,33.21,28.26,3.67,777.7839999999999,1.0,0.0,53795.2
2022-08-26 17:00:00,69.93333333333334,33.31,27.89,3.51,697.2277999999999,1.0,0.0,53795.2
2022-08-26 18:00:00,70.06666666666666,32.92,28.48,3.47,555.56,1.0,0.033333333405607846,53795.2333333334
2022-08-26 19:00:00,70.2,31.83,31.24,3.34,366.6696,1.0,0.03333333329646848,53795.2666666667
2022-08-26 20:00:00,70.2,29.37,40.6,2.58,158.33459999999997,1.0,92.06666666670208,53887.3333333334
2022-08-26 21:00:00,70.2,25.36,51.7,2.27,11.111199999999998,1.0,0.0,53887.3333333334
2022-08-26 22:00:00,70.33666666666666,24.13,54.08,2.93,0.0,1.0,0.0,53887.3333333334
2022-08-26 23:00:00,70.2,23.37,58.57,3.34,0.0,1.0,0.03333333329646848,53887.3666666667
2022-08-27 00:00:00,69.93333333333334,22.51,65.33,3.39,0.0,1.0,0.0,53887.3666666667
2022-08-27 01:00:00,69.93333333333334,21.79,71.49,3.34,0.0,1.0,0.0,53887.3666666667
2022-08-27 02:00:00,69.8,21.12,76.3,3.29,0.0,1.0,0.0,53887.3666666667
2022-08-27 03:00:00,69.8,20.43,80.31,3.16,0.0,1.0,0.0,53887.3666666667
2022-08-27 04:00:00,69.66333333333334,19.73,83.76,3.0,0.0,1.0,0.0,53887.3666666667
2022-08-27 05:00:00,69.8,19.16,86.24,2.96,0.0,1.0,0.0,53887.3666666667
2022-08-27 06:00:00,69.8,18.71,87.57,3.06,0.0,1.0,0.0,53887.3666666667
2022-08-27 07:00:00,69.8,18.28,87.52,3.17,0.0,1.0,0.0,53887.3666666667
2022-08-27 08:00:00,69.66333333333334,17.94,85.34,3.22,0.0,1.0,0.0,53887.3666666667
2022-08-27 09:00:00,69.39,17.7,82.75,3.39,0.0,1.0,0.0,53887.3666666667
2022-08-27 10:00:00,69.66333333333334,18.14,77.94,3.87,33.3336,1.0,0.0,53887.3666666667
2022-08-27 11:00:00,69.39,20.56,66.75,4.34,208.33499999999998,1.0,0.0,53887.3666666667
2022-08-27 12:00:00,69.39,24.48,54.22,4.17,405.55879999999996,1.0,0.0,53887.3666666667
2022-08-27 13:00:00,69.39,29.36,39.35,4.43,577.7823999999999,1.0,0.0,53887.3666666667
2022-08-27 14:00:00,69.66333333333334,32.8,29.88,4.95,697.2277999999999,1.0,0.0,53887.3666666667
2022-08-27 15:00:00,70.88666666666667,34.35,27.45,4.67,761.1172,1.0,1009.5666666666002,54896.9333333333
2022-08-27 16:00:00,78.36666666666667,35.13,26.46,4.41,744.4504,1.0,411.59999999999854,55308.5333333333
2022-08-27 17:00:00,76.1225,35.34,26.1,4.19,661.1163999999999,0.0,0.0,55308.5333333333
2022-08-27 18:00:00,74.56,35.01,26.74,3.87,513.893,0.0,0.0,55308.5333333333
2022-08-27 19:00:00,74.01666666666667,34.04,29.72,3.2,322.22479999999996,0.0,0.0,55308.5333333333
2022-08-27 20:00:00,73.60666666666667,31.27,43.5,1.67,130.55659999999997,0.0,0.0,55308.5333333333
2022-08-27 21:00:00,73.33333333333333,27.08,54.73,1.38,11.111199999999998,0.0,0.0,55308.5333333333
2022-08-27 22:00:00,72.78666666666668,25.58,57.09,1.52,0.0,0.0,0.0,55308.5333333333
2022-08-27 23:00:00,72.37666666666667,24.96,58.98,1.66,0.0,0.0,0.0,55308.5333333333
2022-08-28 00:00:00,72.10666666666667,24.5,62.38,1.47,0.0,0.0,0.0,55308.5333333333
2022-08-28 01:00:00,71.84,24.13,67.1,0.71,0.0,0.0,0.0,55308.5333333333
2022-08-28 02:00:00,71.56666666666666,23.48,72.36,2.0,0.0,0.0,0.0,55308.5333333333
2022-08-28 03:00:00,71.56666666666668,22.54,75.75,3.74,0.0,0.0,0.0,55308.5333333333
2022-08-28 04:00:00,71.43,21.28,79.58,4.82,0.0,0.0,0.0,55308.5333333333
2022-08-28 05:00:00,71.15666666666667,20.19,84.23,5.13,0.0,0.0,0.0,55308.5333333333
2022-08-28 06:00:00,71.15666666666667,19.56,86.0,5.39,0.0,0.0,0.0,55308.5333333333
2022-08-28 07:00:00,71.02,19.06,86.09,5.63,0.0,0.0,0.0,55308.5333333333
2022-08-28 08:00:00,71.02,18.49,85.95,5.99,0.0,0.0,0.0,55308.5333333333
2022-08-28 09:00:00,71.29333333333334,17.78,86.34,6.57,0.0,0.0,0.0,55308.5333333333
2022-08-28 10:00:00,70.88333333333333,17.02,86.97,7.34,13.889,0.0,0.0,55308.5333333333
2022-08-28 11:00:00,70.88333333333333,16.87,83.58,8.0,88.88959999999999,1.0,0.033333333405607846,55308.5666666667
2022-08-28 12:00:00,70.74666666666667,17.83,75.36,8.29,202.77939999999998,1.0,0.0,55308.5666666667
2022-08-28 13:00:00,70.61,19.23,65.74,8.42,358.33619999999996,1.0,0.0,55308.5666666667
2022-08-28 14:00:00,70.74666666666667,19.92,58.04,8.29,427.78119999999996,1.0,0.0,55308.5666666667
2022-08-28 15:00:00,70.47333333333334,20.04,55.14,7.89,338.8916,1.0,0.0,55308.5666666667
2022-08-28 16:00:00,70.47333333333334,19.86,54.5,7.39,302.7802,1.0,0.0,55308.5666666667
2022-08-28 17:00:00,70.61,18.97,56.79,6.56,227.77959999999996,1.0,0.0,55308.5666666667
2022-08-28 18:00:00,70.2,18.08,59.7,5.62,133.3344,1.0,0.0,55308.5666666667
2022-08-28 19:00:00,70.33666666666666,17.61,59.09,5.26,94.4452,1.0,0.0,55308.5666666667
2022-08-28 20:00:00,70.2,17.27,57.92,5.36,41.666999999999994,1.0,0.0,55308.5666666667
2022-08-28 21:00:00,70.20333333333333,16.12,60.85,5.05,5.555599999999999,1.0,0.0,55308.5666666667
2022-08-28 22:00:00,70.2,14.76,64.63,5.08,0.0,1.0,0.0,55308.5666666667
2022-08-28 23:00:00,69.93333333333334,13.49,67.41,5.16,0.0,1.0,0.0,55308.5666666667
2022-08-29 00:00:00,69.93333333333334,12.48,70.26,5.04,0.0,1.0,0.0,55308.5666666667
2022-08-29 01:00:00,69.93333333333334,11.68,73.13,4.88,0.0,1.0,0.0,55308.5666666667
2022-08-29 02:00:00,69.93333333333334,10.95,75.52,4.73,0.0,1.0,0.0,55308.5666666667
2022-08-29 03:00:00,69.8,10.3,77.69,4.53,0.0,1.0,0.0,55308.5666666667
2022-08-29 04:00:00,69.8,9.82,79.54,4.27,0.0,1.0,0.0,55308.5666666667
2022-08-29 05:00:00,69.8,9.44,80.74,4.11,0.0,1.0,0.0,55308.5666666667
2022-08-29 06:00:00,69.52666666666666,9.09,81.68,4.0,0.0,1.0,0.0,55308.5666666667
2022-08-29 07:00:00,69.595,8.8,82.0,3.94,0.0,1.0,0.0,55308.5666666667
2022-08-29 08:00:00,69.39,8.45,83.09,3.77,0.0,1.0,0.03333333329646848,55308.6
2022-08-29 09:00:00,69.39,8.05,84.95,3.65,0.0,1.0,0.0,55308.6
2022-08-29 10:00:00,69.39,7.83,85.82,3.69,33.3336,1.0,0.0,55308.6
2022-08-29 11:00:00,69.25333333333333,9.26,74.6,4.34,161.11239999999998,1.0,0.0,55308.6
2022-08-29 12:00:00,69.39,10.9,63.37,4.36,327.78039999999993,1.0,0.0,55308.6
2022-08-29 13:00:00,69.11666666666667,12.66,53.3,4.23,425.00339999999994,1.0,60.200000000004366,55368.8
2022-08-29 14:00:00,69.25333333333333,14.5,45.11,4.03,494.44839999999994,1.0,1.1999999999970896,55370.0
2022-08-29 15:00:00,69.66333333333334,16.37,38.41,3.98,488.89279999999997,1.0,0.0,55370.0
2022-08-29 16:00:00,69.66333333333334,17.06,36.05,3.89,436.1146,1.0,0.0,55370.0
2022-08-29 17:00:00,69.8,17.55,34.84,3.79,408.3366,1.0,0.0,55370.0
2022-08-29 18:00:00,69.93333333333334,17.77,34.49,3.71,397.2253999999999,1.0,0.0,55370.0
2022-08-29 19:00:00,69.8,17.48,36.58,3.54,275.00219999999996,1.0,0.0,55370.0
2022-08-29 20:00:00,69.93333333333334,16.44,43.66,2.88,136.11219999999997,1.0,0.0,55370.0
2022-08-29 21:00:00,69.8,14.45,55.52,2.12,13.889,1.0,0.0,55370.0
2022-08-29 22:00:00,69.8,13.54,60.05,2.36,0.0,1.0,0.0,55370.0
2022-08-29 23:00:00,69.8,13.05,62.34,2.58,0.0,1.0,0.0,55370.0
2022-08-30 00:00:00,69.8,12.52,65.66,2.52,0.0,1.0,0.0,55370.0
2022-08-30 01:00:00,69.52666666666666,11.94,69.45,2.22,0.0,1.0,0.0,55370.0
2022-08-30 02:00:00,69.66333333333334,11.36,73.56,1.74,0.0,1.0,0.0,55370.0
2022-08-30 03:00:00,69.66333333333334,10.74,77.74,1.28,0.0,1.0,0.0,55370.0
2022-08-30 04:00:00,69.39,10.29,80.71,1.0,0.0,1.0,0.0,55370.0
2022-08-30 05:00:00,69.185,9.97,81.89,1.02,0.0,1.0,0.0,55370.0
2022-08-30 06:00:00,69.25333333333333,9.66,82.63,1.28,0.0,1.0,0.0,55370.0
2022-08-30 07:00:00,69.39,9.37,83.57,1.53,0.0,1.0,0.0,55370.0
2022-08-30 08:00:00,69.39,9.1,84.7,1.57,0.0,1.0,0.0,55370.0
2022-08-30 09:00:00,69.39,8.94,85.36,1.55,0.0,1.0,0.0,55370.0
2022-08-30 10:00:00,69.25333333333333,9.57,82.1,1.92,41.666999999999994,1.0,0.0,55370.0
2022-08-30 11:00:00,68.98,11.76,71.67,2.39,227.77959999999996,1.0,0.0,55370.0
2022-08-30 12:00:00,69.11666666666667,15.53,59.27,3.41,433.3368,1.0,0.0,55370.0
2022-08-30 13:00:00,69.39,19.3,48.05,4.49,602.7825999999999,1.0,0.0,55370.0
2022-08-30 14:00:00,69.11666666666667,22.01,42.16,4.16,722.228,1.0,0.03333333329646848,55370.0333333333
2022-08-30 15:00:00,69.39,23.98,39.5,3.65,769.4505999999999,1.0,0.0,55370.0333333333
2022-08-30 16:00:00,69.39,25.18,38.74,3.22,747.2281999999999,1.0,0.0,55370.0333333333
2022-08-30 17:00:00,69.52666666666666,25.71,38.86,2.91,661.1163999999999,1.0,0.0,55370.0333333333
2022-08-30 18:00:00,69.39,25.67,39.9,2.7,422.2256,1.0,0.0,55370.0333333333
2022-08-30 19:00:00,69.66333333333334,24.99,42.89,2.5,252.7798,1.0,0.0,55370.0333333333
2022-08-30 20:00:00,69.8,23.21,55.59,1.47,105.5564,1.0,0.0,55370.0333333333
2022-08-30 21:00:00,69.8,20.65,66.9,1.32,8.3334,1.0,0.0,55370.0333333333
2022-08-30 22:00:00,69.8,19.83,67.27,1.92,0.0,1.0,0.0,55370.0333333333
2022-08-30 23:00:00,69.8,19.2,68.25,2.51,0.0,1.0,0.0,55370.0333333333
2022-08-31 00:00:00,69.8,18.3,71.69,2.69,0.0,1.0,0.0,55370.0333333333
2022-08-31 01:00:00,69.4925,17.34,75.04,2.58,0.0,1.0,0.0,55370.0333333333
2022-08-31 02:00:00,69.52666666666666,16.61,76.64,2.52,0.0,1.0,0.0,55370.0333333333
2022-08-31 03:00:00,69.66333333333334,15.93,78.34,2.31,0.0,1.0,0.0,55370.0333333333
2022-08-31 04:00:00,69.52666666666666,15.26,80.63,2.0,0.0,1.0,0.0,55370.0333333333
2022-08-31 05:00:00,69.52666666666666,14.76,82.46,1.81,0.0,1.0,0.0,55370.0333333333
2022-08-31 06:00:00,69.39,14.29,84.08,1.74,0.0,1.0,0.0,55370.0333333333
2022-08-31 07:00:00,69.52666666666666,13.84,85.55,1.8,0.0,1.0,0.0,55370.0333333333
2022-08-31 08:00:00,69.8,13.59,85.93,2.02,0.0,1.0,0.0,55370.0333333333
2022-08-31 09:00:00,69.52666666666666,13.52,85.23,2.42,0.0,1.0,0.0,55370.0333333333
2022-08-31 10:00:00,69.39,14.22,80.89,3.25,36.111399999999996,1.0,0.0,55370.0333333333
2022-08-31 11:00:00,69.39,16.52,69.55,4.28,188.8904,1.0,0.0,55370.0333333333
2022-08-31 12:00:00,69.39,19.41,57.06,5.65,372.2252,1.0,0.0,55370.0333333333
2022-08-31 13:00:00,69.25333333333333,22.01,49.56,5.37,577.7823999999999,1.0,0.0,55370.0333333333
2022-08-31 14:00:00,69.25333333333333,24.46,43.95,4.97,713.8945999999999,1.0,0.0,55370.0333333333
2022-08-31 15:00:00,69.39,26.53,39.7,4.64,780.5618,1.0,0.0,55370.0333333333
2022-08-31 16:00:00,69.595,28.07,36.44,4.39,769.4505999999999,1.0,0.0,55370.0333333333
2022-08-31 17:00:00,69.52666666666666,28.93,34.86,4.26,688.8943999999999,1.0,0.0,55370.0333333333
2022-08-31 18:00:00,69.66333333333334,29.01,35.29,4.23,550.0043999999999,1.0,0.0,55370.0333333333
2022-08-31 19:00:00,69.8,28.32,37.65,4.19,363.8918,1.0,0.0,55370.0333333333
2022-08-31 20:00:00,69.8,26.48,44.35,3.58,158.33459999999997,1.0,0.06666666670207633,55370.1
2022-08-31 21:00:00,69.8,23.0,56.79,2.83,13.889,1.0,0.0,55370.1
2022-08-31 22:00:00,69.66333333333334,21.72,60.36,3.72,0.0,1.0,0.0,55370.1
2022-08-31 23:00:00,69.8,20.73,65.32,3.98,0.0,1.0,0.0,55370.1
2022-09-01 00:00:00,69.66333333333334,19.86,71.06,3.93,0.0,1.0,0.0,55370.1
2022-09-01 01:00:00,69.52666666666666,19.32,74.97,3.78,0.0,1.0,0.0,55370.1
2022-09-01 02:00:00,69.8,18.95,77.08,3.6,0.0,1.0,0.0,55370.1
2022-09-01 03:00:00,69.52666666666666,18.64,78.36,3.46,0.0,1.0,0.0,55370.1
2022-09-01 04:00:00,69.66333333333334,18.33,79.48,3.38,0.0,1.0,0.0,55370.1
2022-09-01 05:00:00,69.52666666666666,18.06,80.41,3.4,0.0,1.0,0.0,55370.1
2022-09-01 06:00:00,69.25333333333333,17.85,80.91,3.47,0.0,1.0,0.0,55370.1
2022-09-01 07:00:00,69.39,17.68,81.29,3.57,0.0,1.0,0.0,55370.1
2022-09-01 08:00:00,69.39,17.57,81.56,3.75,0.0,1.0,0.0,55370.1
2022-09-01 09:00:00,69.39,17.49,82.01,3.85,0.0,1.0,0.0,55370.1
2022-09-01 10:00:00,69.25333333333333,18.07,79.73,4.15,30.555799999999998,1.0,0.0,55370.1
2022-09-01 11:00:00,69.25333333333333,20.33,70.68,4.51,163.89019999999996,1.0,0.0,55370.1
2022-09-01 12:00:00,69.39,23.96,57.36,5.67,350.0028,1.0,0.0,55370.1
2022-09-01 13:00:00,69.11666666666667,27.44,47.04,6.04,502.7818,1.0,0.0,55370.1
2022-09-01 14:00:00,69.39,30.41,39.88,6.01,627.7827999999998,1.0,0.0,55370.1
2022-09-01 15:00:00,69.39,32.65,34.53,6.08,716.6723999999999,1.0,0.0,55370.1
2022-09-01 16:00:00,69.39,33.9,31.53,6.08,708.3389999999998,1.0,0.0,55370.1
2022-09-01 17:00:00,69.39,34.32,30.32,6.05,638.8939999999999,1.0,0.0,55370.1
2022-09-01 18:00:00,69.52666666666666,34.12,30.66,5.81,458.33699999999993,1.0,0.0,55370.1
2022-09-01 19:00:00,69.8,33.46,32.65,5.1,261.11319999999995,1.0,0.0,55370.1
2022-09-01 20:00:00,69.8,31.34,40.1,3.43,111.112,1.0,0.0,55370.1
2022-09-01 21:00:00,69.8,28.06,51.14,2.53,8.3334,1.0,1.233333333300834,55371.3333333333
2022-09-01 22:00:00,69.66333333333334,27.05,56.32,3.06,0.0,1.0,0.0,55371.3333333333
2022-09-01 23:00:00,69.39,26.08,62.66,3.2,0.0,1.0,0.0,55371.3333333333
2022-09-02 00:00:00,69.39,25.02,69.66,2.72,0.0,1.0,0.0,55371.3333333333
2022-09-02 01:00:00,69.52666666666666,24.17,75.73,2.08,0.0,1.0,0.0,55371.3333333333
2022-09-02 02:00:00,69.39,23.53,80.74,1.5,0.0,1.0,0.0,55371.3333333333
2022-09-02 03:00:00,69.25333333333333,23.15,83.71,0.99,0.0,1.0,0.0,55371.3333333333
2022-09-02 04:00:00,69.25333333333333,22.59,87.25,0.57,0.0,1.0,0.0,55371.3333333333
2022-09-02 05:00:00,69.39,21.9,90.78,1.48,0.0,1.0,0.0,55371.3333333333
2022-09-02 06:00:00,69.52666666666666,21.06,93.53,3.03,0.0,1.0,0.0,55371.3333333333
2022-09-02 07:00:00,71.83999999999999,19.97,94.3,4.63,0.0,1.0,0.0,55371.3333333333
2022-09-02 08:00:00,74.96666666666667,18.75,94.45,5.65,0.0,0.0,0.0,55371.3333333333
2022-09-02 09:00:00,73.60666666666667,17.81,93.7,5.74,0.0,0.0,0.0,55371.3333333333
2022-09-02 10:00:00,73.06,17.39,92.65,5.48,19.4446,0.0,0.0,55371.3333333333
2022-09-02 11:00:00,72.64999999999999,17.53,90.99,5.01,72.22279999999999,0.0,0.0,55371.3333333333
2022-09-02 12:00:00,72.24,17.68,88.04,5.01,144.44559999999998,0.0,0.0,55371.3333333333
2022-09-02 13:00:00,72.10666666666667,17.83,84.1,5.35,233.33519999999996,0.0,0.0,55371.3333333333
2022-09-02 14:00:00,71.84,18.27,78.26,5.66,247.22419999999997,0.0,0.0,55371.3333333333
2022-09-02 15:00:00,71.70333333333333,19.17,70.02,5.94,319.44699999999995,0.0,0.0,55371.3333333333
2022-09-02 16:00:00,71.97333333333334,20.08,63.08,6.17,275.00219999999996,0.0,0.0,55371.3333333333
2022-09-02 17:00:00,72.03999999999999,21.15,58.06,6.41,172.22359999999998,0.0,0.0,55371.3333333333
2022-09-02 18:00:00,71.97333333333334,21.68,55.93,6.45,180.557,0.0,0.0,55371.3333333333
2022-09-02 19:00:00,71.70333333333333,21.6,56.14,6.26,161.11239999999998,0.0,0.0,55371.3333333333
2022-09-02 20:00:00,71.83666666666666,20.8,58.8,5.64,69.445,0.0,0.0,55371.3333333333
2022-09-02 21:00:00,71.70333333333333,19.44,65.29,4.72,8.3334,0.0,0.0,55371.3333333333
2022-09-02 22:00:00,71.56666666666668,18.17,72.91,4.17,0.0,0.0,0.0,55371.3333333333
2022-09-02 23:00:00,71.70333333333333,17.46,77.12,4.03,0.0,0.0,0.0,55371.3333333333
2022-09-03 00:00:00,71.43,17.03,79.49,4.0,0.0,0.0,0.0,55371.3333333333
2022-09-03 01:00:00,71.43,16.61,81.69,4.15,0.0,0.0,0.0,55371.3333333333
2022-09-03 02:00:00,71.43,15.92,84.95,4.34,0.0,0.0,0.0,55371.3333333333
2022-09-03 03:00:00,71.43,14.92,88.71,4.47,0.0,0.0,0.0,55371.3333333333
2022-09-03 04:00:00,71.29333333333334,13.79,90.04,4.63,0.0,0.0,0.0,55371.3333333333
2022-09-03 05:00:00,71.29333333333334,12.7,90.86,4.42,0.0,0.0,0.0,55371.3333333333
2022-09-03 06:00:00,71.225,11.82,91.62,4.19,0.0,0.0,0.0,55371.3333333333
2022-09-03 07:00:00,71.29333333333334,11.12,92.93,3.96,0.0,0.0,0.0,55371.3333333333
2022-09-03 08:00:00,71.29333333333334,10.54,94.47,3.79,0.0,0.0,0.0,55371.3333333333
2022-09-03 09:00:00,70.91749999999999,10.03,95.98,3.51,0.0,0.0,0.0,55371.3333333333
2022-09-03 10:00:00,71.02,10.15,94.89,3.75,41.666999999999994,1.0,0.0,55371.3333333333
2022-09-03 11:00:00,71.02,11.91,86.78,4.42,211.1128,1.0,0.0,55371.3333333333
2022-09-03 12:00:00,70.74666666666667,14.76,69.78,4.98,430.55899999999997,1.0,0.0,55371.3333333333
2022-09-03 13:00:00,70.88333333333333,17.87,53.21,4.95,650.0052,1.0,0.0,55371.3333333333
2022-09-03 14:00:00,70.88333333333333,20.25,40.68,4.76,805.5619999999999,1.0,0.0,55371.3333333333
2022-09-03 15:00:00,70.74666666666667,21.87,33.23,4.64,875.0069999999998,1.0,0.0,55371.3333333333
2022-09-03 16:00:00,71.02,22.85,29.43,4.65,863.8957999999999,1.0,0.0,55371.3333333333
2022-09-03 17:00:00,70.88333333333333,23.23,27.82,4.75,780.5618,1.0,0.0,55371.3333333333
2022-09-03 18:00:00,71.02,23.0,27.56,4.87,633.3383999999999,1.0,0.0,55371.3333333333
2022-09-03 19:00:00,71.02,22.09,28.52,4.94,433.3368,1.0,0.0,55371.3333333333
2022-09-03 20:00:00,71.02,20.34,32.57,4.58,205.55719999999997,1.0,0.0,55371.3333333333
2022-09-03 21:00:00,71.15666666666667,16.93,44.87,3.12,19.4446,1.0,0.0,55371.3333333333
2022-09-03 22:00:00,71.02,14.73,53.91,2.87,0.0,1.0,0.0,55371.3333333333
2022-09-03 23:00:00,70.88333333333333,13.68,58.26,2.94,0.0,1.0,0.0,55371.3333333333
2022-09-04 00:00:00,71.02,12.6,63.33,2.76,0.0,1.0,0.0,55371.3333333333
2022-09-04 01:00:00,70.88333333333333,11.64,67.49,2.59,0.0,1.0,0.0,55371.3333333333
2022-09-04 02:00:00,70.88333333333333,10.79,70.78,2.44,0.0,1.0,0.0,55371.3333333333
2022-09-04 03:00:00,70.61,10.08,73.16,2.44,0.0,1.0,0.0,55371.3333333333
2022-09-04 04:00:00,70.33666666666666,9.42,75.48,2.51,0.0,1.0,0.0,55371.3333333333
2022-09-04 05:00:00,70.47333333333334,8.73,78.32,2.44,0.0,1.0,0.0,55371.3333333333
2022-09-04 06:00:00,70.47333333333334,8.06,80.88,2.3,0.0,1.0,0.0,55371.3333333333
2022-09-04 07:00:00,70.2,7.45,82.58,2.19,0.0,1.0,0.0,55371.3333333333
2022-09-04 08:00:00,70.2,6.9,83.48,2.1,0.0,1.0,0.0,55371.3333333333
2022-09-04 09:00:00,69.93333333333334,6.41,84.19,2.03,0.0,1.0,0.0,55371.3333333333
2022-09-04 10:00:00,70.06666666666666,7.4,77.59,2.73,47.2226,1.0,0.0,55371.3333333333
2022-09-04 11:00:00,69.8,10.04,63.21,3.6,141.6678,1.0,0.0,55371.3333333333
2022-09-04 12:00:00,69.93333333333334,12.76,50.38,3.71,186.1126,1.0,0.0,55371.3333333333
2022-09-04 13:00:00,69.8,15.33,40.97,3.21,338.8916,1.0,0.0,55371.3333333333
2022-09-04 14:00:00,69.8,17.91,33.42,2.79,458.33699999999993,1.0,0.0,55371.3333333333
2022-09-04 15:00:00,70.06666666666666,19.95,28.3,2.59,469.44819999999993,1.0,0.0,55371.3333333333
2022-09-04 16:00:00,69.93333333333334,21.39,25.18,2.54,408.3366,1.0,0.0,55371.3333333333
2022-09-04 17:00:00,69.93333333333334,22.13,23.98,2.53,361.114,1.0,0.0,55371.3333333333
2022-09-04 18:00:00,69.93333333333334,22.27,23.94,2.61,386.1141999999999,1.0,0.0,55371.3333333333
2022-09-04 19:00:00,70.2,21.85,24.68,2.75,225.0018,1.0,0.0,55371.3333333333
2022-09-04 20:00:00,69.93333333333334,20.37,31.56,2.39,100.00079999999998,1.0,0.0,55371.3333333333
2022-09-04 21:00:00,70.06666666666666,16.08,52.0,1.53,11.111199999999998,1.0,0.0,55371.3333333333
2022-09-04 22:00:00,70.06666666666666,14.1,57.4,1.84,0.0,1.0,0.0,55371.3333333333
2022-09-04 23:00:00,70.06666666666666,13.22,61.56,2.06,0.0,1.0,0.0,55371.3333333333
2022-09-05 00:00:00,69.8,12.23,67.53,1.91,0.0,1.0,0.0,55371.3333333333
2022-09-05 01:00:00,69.93333333333334,11.28,73.25,1.6,0.0,1.0,0.0,55371.3333333333
2022-09-05 02:00:00,70.0,10.51,77.63,1.31,0.0,1.0,0.0,55371.3333333333
2022-09-05 03:00:00,,9.95,80.07,1.13,0.0,,,
2022-09-05 04:00:00,,9.51,81.77,1.07,0.0,,,
2022-09-05 05:00:00,,9.26,82.85,1.07,0.0,,,
2022-09-05 06:00:00,,9.18,83.39,1.17,0.0,,,
2022-09-05 07:00:00,,9.03,83.77,1.31,0.0,,,
2022-09-05 08:00:00,,8.74,84.4,1.41,0.0,,,
2022-09-05 09:00:00,,8.73,84.75,1.36,0.0,,,
2022-09-05 10:00:00,,9.48,82.67,1.4,36.111399999999996,,,
2022-09-05 11:00:00,,11.14,74.43,1.07,119.44539999999999,,,
2022-09-05 12:00:00,,13.27,67.04,1.24,169.4458,,,
2022-09-05 13:00:00,,17.11,51.06,0.4,336.11379999999997,,,
2022-09-05 14:00:00,,18.71,45.74,0.81,355.55839999999995,,,
2022-09-05 15:00:00,,19.38,45.35,1.36,386.1141999999999,,,
2022-09-05 16:00:00,,20.98,41.11,1.49,422.2256,,,
2022-09-05 17:00:00,,22.06,38.51,1.33,350.0028,,,
2022-09-05 18:00:00,,22.33,39.05,1.4,280.5578,,,
2022-09-05 19:00:00,,21.93,41.71,1.62,183.3348,,,
2022-09-05 20:00:00,,20.82,47.33,1.64,102.77859999999998,,,
2022-09-05 21:00:00,,17.17,68.81,1.04,13.889,,,
2022-09-05 22:00:00,,15.22,75.92,1.3,0.0,,,
2022-09-05 23:00:00,,14.45,81.87,1.5,0.0,,,
2022-09-06 00:00:00,,13.83,87.28,1.61,0.0,,,
2022-09-06 01:00:00,,13.23,91.72,1.62,0.0,,,
2022-09-06 02:00:00,,12.63,95.73,1.53,0.0,,,
2022-09-06 03:00:00,,12.04,99.86,1.31,0.0,,,
2022-09-06 04:00:00,,11.58,100.0,1.1,0.0,,,
2022-09-06 05:00:00,,11.3,100.0,1.03,0.0,,,
2022-09-06 06:00:00,,11.01,100.0,1.03,0.0,,,
2022-09-06 07:00:00,,10.66,100.0,1.07,0.0,,,
2022-09-06 08:00:00,,10.36,100.0,1.11,0.0,,,
2022-09-06 09:00:00,,10.08,100.0,1.17,0.0,,,
2022-09-06 10:00:00,,11.42,100.0,1.21,50.00039999999999,,,
2022-09-06 11:00:00,,15.43,88.25,2.38,227.77959999999996,,,
2022-09-06 12:00:00,,19.36,70.7,1.99,433.3368,,,
2022-09-06 13:00:00,,22.42,51.16,1.4,602.7825999999999,,,
2022-09-06 14:00:00,,24.43,40.11,1.0,755.5616,,,
2022-09-06 15:00:00,,25.74,34.78,0.67,869.4513999999999,,,
2022-09-06 16:00:00,,26.51,31.43,0.41,836.1177999999999,,,
2022-09-06 17:00:00,,26.9,29.13,0.35,752.7837999999999,,,
2022-09-06 18:00:00,,26.77,27.96,0.47,586.1157999999999,,,
2022-09-06 19:00:00,,26.11,28.06,0.57,391.66979999999995,,,
2022-09-06 20:00:00,,24.8,32.22,0.61,186.1126,,,
2022-09-06 21:00:00,,21.49,47.41,0.83,16.6668,,,
2022-09-06 22:00:00,,18.83,55.25,1.18,0.0,,,
2022-09-06 23:00:00,,17.22,62.38,1.3,0.0,,,
2022-09-07 00:00:00,,16.33,68.33,1.45,0.0,,,
2022-09-07 01:00:00,,15.71,76.62,1.53,0.0,,,
2022-09-07 02:00:00,,15.16,87.68,1.54,0.0,,,
2022-09-07 03:00:00,,14.63,98.72,1.54,0.0,,,
2022-09-07 04:00:00,,14.09,100.0,1.52,0.0,,,
2022-09-07 05:00:00,,13.67,100.0,1.5,0.0,,,
2022-09-07 06:00:00,,13.4,100.0,1.51,0.0,,,
2022-09-07 07:00:00,,13.23,100.0,1.6,0.0,,,
2022-09-07 08:00:00,,13.13,100.0,1.73,0.0,,,
2022-09-07 09:00:00,,13.13,100.0,1.92,0.0,,,
2022-09-07 10:00:00,,14.77,100.0,2.69,58.33379999999999,,,
2022-09-07 11:00:00,,18.12,85.84,3.64,250.00199999999998,,,
2022-09-07 12:00:00,,22.02,67.25,4.11,469.44819999999993,,,
2022-09-07 13:00:00,,24.98,52.68,3.82,658.3385999999999,,,
2022-09-07 14:00:00,,27.24,42.81,3.38,783.3395999999999,,,
2022-09-07 15:00:00,,28.91,35.84,3.02,861.1179999999999,,,
2022-09-07 16:00:00,,29.97,31.57,2.73,847.2289999999998,,,
2022-09-07 17:00:00,70.0,30.55,29.3,2.5,758.3394,1.0,,56113.4333333333
2022-09-07 18:00:00,76.125,30.65,28.41,2.35,605.5604,0.0,363.0333333334056,56476.4666666667
2022-09-07 19:00:00,74.96333333333332,30.08,29.7,2.33,397.2253999999999,0.0,0.0,56476.4666666667
2022-09-07 20:00:00,74.69,28.19,38.9,1.76,175.0014,0.0,0.0,56476.4666666667
2022-09-07 21:00:00,74.29,23.54,56.51,1.57,16.6668,0.0,0.0,56476.4666666667
2022-09-07 22:00:00,73.88,22.13,58.42,2.29,0.0,0.0,0.0,56476.4666666667
2022-09-07 23:00:00,73.19666666666667,21.86,60.97,3.01,0.0,0.0,0.0,56476.4666666667
2022-09-08 00:00:00,73.06,21.41,65.6,3.48,0.0,0.0,0.0,56476.4666666667
2022-09-08 01:00:00,72.65,20.93,70.16,3.76,0.0,0.0,0.0,56476.4666666667
2022-09-08 02:00:00,72.24,20.56,73.51,3.89,0.0,0.0,0.0,56476.4666666667
2022-09-08 03:00:00,72.10666666666667,20.17,76.33,3.81,0.0,0.0,0.0,56476.4666666667
2022-09-08 04:00:00,72.10666666666667,19.74,79.09,3.73,0.0,0.0,0.0,56476.4666666667
2022-09-08 05:00:00,71.84,19.33,81.86,3.8,0.0,0.0,0.0,56476.4666666667
2022-09-08 06:00:00,71.56666666666668,18.99,83.79,3.91,0.0,0.0,0.0,56476.4666666667
2022-09-08 07:00:00,71.56666666666668,18.74,84.88,4.01,0.0,0.0,0.0,56476.4666666667
2022-09-08 08:00:00,71.43,18.62,84.8,3.98,0.0,0.0,0.0,56476.4666666667
2022-09-08 09:00:00,71.29333333333334,18.65,84.02,4.09,0.0,0.0,0.0,56476.4666666667
2022-09-08 10:00:00,71.43,19.23,80.94,4.54,38.8892,0.0,0.0,56476.4666666667
2022-09-08 11:00:00,71.43,21.19,72.37,4.79,177.77919999999997,0.0,0.0,56476.4666666667
2022-09-08 12:00:00,71.29333333333334,24.12,61.27,4.56,297.2246,0.0,0.0,56476.4666666667
2022-09-08 13:00:00,71.43,27.32,50.92,5.23,480.5593999999999,0.0,0.0,56476.4666666667
2022-09-08 14:00:00,71.02,31.0,40.12,6.26,597.2269999999999,0.0,0.0,56476.4666666667
2022-09-08 15:00:00,71.02,34.22,32.49,7.19,641.6718,0.0,0.06666666659293696,56476.5333333333
2022-09-08 16:00:00,71.15666666666667,35.91,29.26,7.6,633.3383999999999,0.0,0.0,56476.5333333333
2022-09-08 17:00:00,71.29333333333334,36.47,28.42,7.55,541.6709999999999,0.0,0.0,56476.5333333333
2022-09-08 18:00:00,71.29333333333334,36.17,29.27,7.05,388.89199999999994,0.0,0.0,56476.5333333333
2022-09-08 19:00:00,73.33333333333333,35.07,32.11,5.84,230.55739999999997,0.0,1305.800000000003,57782.3333333333
2022-09-08 20:00:00,80.54333333333334,32.72,38.1,4.42,86.11179999999999,0.0,1124.0,58906.3333333333
2022-09-08 21:00:00,80.95,30.09,44.88,3.88,8.3334,0.0,532.3666666666977,59438.7
2022-09-08 22:00:00,78.09333333333333,28.92,47.8,4.21,0.0,0.0,0.0,59438.7
2022-09-08 23:00:00,75.92,27.86,50.83,4.08,0.0,0.0,0.0,59438.7
2022-09-09 00:00:00,74.96333333333332,26.83,53.87,3.9,0.0,0.0,0.0,59438.7
2022-09-09 01:00:00,74.42333333333333,26.02,56.18,3.87,0.0,0.0,0.0,59438.7
2022-09-09 02:00:00,73.60666666666667,25.53,57.38,4.1,0.0,0.0,0.0,59438.7
2022-09-09 03:00:00,73.06,24.7,60.21,3.79,0.0,0.0,0.0,59438.7
2022-09-09 04:00:00,73.06,24.12,62.34,3.03,0.0,0.0,0.0,59438.7
2022-09-09 05:00:00,72.65,23.34,67.08,1.46,0.0,0.0,0.0,59438.7
2022-09-09 06:00:00,72.65,22.57,68.68,2.22,0.0,0.0,0.0,59438.7
2022-09-09 07:00:00,72.51333333333334,20.85,68.58,3.84,0.0,0.0,0.0,59438.7
2022-09-09 08:00:00,72.24,18.77,69.2,4.26,0.0,0.0,0.0,59438.7
2022-09-09 09:00:00,72.10666666666667,17.48,66.48,4.08,0.0,0.0,0.0,59438.7
2022-09-09 10:00:00,71.97333333333334,17.17,64.06,4.12,25.000199999999996,0.0,0.0,59438.7
2022-09-09 11:00:00,71.56666666666668,17.83,59.58,4.96,111.112,0.0,0.0,59438.7
2022-09-09 12:00:00,71.56666666666668,19.18,55.17,5.26,200.00159999999997,0.0,0.0,59438.7
2022-09-09 13:00:00,71.15666666666667,20.93,51.65,5.05,291.669,0.0,0.0,59438.7
2022-09-09 14:00:00,71.15666666666667,22.65,48.69,4.93,369.44739999999996,0.0,238.83333333329938,59677.5333333333
2022-09-09 15:00:00,71.43,23.96,46.69,5.03,416.66999999999996,0.0,242.96666666670353,59920.5
2022-09-09 16:00:00,74.55666666666667,24.74,45.83,5.17,330.55819999999994,0.0,304.3333333332994,60224.8333333333
2022-09-09 17:00:00,74.56,24.94,46.03,5.32,205.55719999999997,0.0,45.266666666699166,60270.1
2022-09-09 18:00:00,74.01666666666667,24.58,47.14,5.37,108.3342,0.0,18.13333333330229,60288.2333333333
2022-09-09 19:00:00,73.60666666666667,23.76,49.01,5.28,63.889399999999995,0.0,0.0,60288.2333333333
2022-09-09 20:00:00,73.47,22.52,51.76,5.11,22.222399999999997,0.0,0.0,60288.2333333333
2022-09-09 21:00:00,73.19666666666667,20.96,55.72,4.65,2.7777999999999996,0.0,0.0,60288.2333333333
2022-09-09 22:00:00,72.51333333333334,19.6,60.05,4.29,0.0,0.0,0.0,60288.2333333333
2022-09-09 23:00:00,72.2425,18.47,64.28,4.08,0.0,0.0,0.0,60288.2333333333
2022-09-10 00:00:00,71.84,17.51,68.2,4.16,0.0,0.0,0.0,60288.2333333333
2022-09-10 01:00:00,71.635,16.69,71.55,4.3,0.0,0.0,0.0,60288.2333333333
2022-09-10 02:00:00,71.43,15.98,74.65,4.54,0.0,0.0,0.0,60288.2333333333
2022-09-10 03:00:00,71.43,15.29,74.83,5.33,0.0,0.0,0.0,60288.2333333333
2022-09-10 04:00:00,71.29333333333334,14.45,72.39,5.45,0.0,0.0,0.0,60288.2333333333
2022-09-10 05:00:00,71.02,13.59,67.67,5.32,0.0,0.0,0.0,60288.2333333333
2022-09-10 06:00:00,70.88333333333333,12.89,65.96,4.89,0.0,1.0,0.0,60288.2333333333
2022-09-10 07:00:00,70.88333333333333,12.38,66.85,4.55,0.0,1.0,0.0,60288.2333333333
2022-09-10 08:00:00,70.74666666666667,11.94,68.72,4.3,0.0,1.0,0.0,60288.2333333333
2022-09-10 09:00:00,70.74666666666667,11.36,72.16,4.06,0.0,1.0,0.0,60288.2333333333
2022-09-10 10:00:00,70.47333333333334,11.08,73.79,4.12,61.111599999999996,1.0,0.0,60288.2333333333
2022-09-10 11:00:00,70.405,12.15,65.71,4.76,250.00199999999998,1.0,0.0,60288.2333333333
2022-09-10 12:00:00,70.2,14.14,53.53,4.86,475.00379999999996,1.0,0.0,60288.2333333333
2022-09-10 13:00:00,74.14999999999999,16.28,42.38,4.76,658.3385999999999,1.0,1273.4333333333998,61561.6666666667
2022-09-10 14:00:00,77.14333333333333,18.43,33.77,4.67,788.8951999999999,1.0,181.59999999999854,61743.2666666667
2022-09-10 15:00:00,75.10000000000001,20.33,28.08,4.67,852.7845999999998,0.0,0.0,61743.2666666667
2022-09-10 16:00:00,74.01666666666667,21.59,24.9,4.73,841.6733999999999,0.0,0.0,61743.2666666667
2022-09-10 17:00:00,73.60666666666667,22.15,23.5,4.78,758.3394,0.0,0.0,61743.2666666667
2022-09-10 18:00:00,73.06,21.99,23.53,4.79,575.0045999999999,0.0,0.0,61743.2666666667
2022-09-10 19:00:00,72.64999999999999,21.16,24.74,4.64,386.1141999999999,0.0,0.0,61743.2666666667
2022-09-10 20:00:00,72.24,19.69,28.0,4.23,183.3348,0.0,0.0,61743.2666666667
2022-09-10 21:00:00,72.10666666666667,16.56,40.17,2.74,19.4446,0.0,0.0,61743.2666666667
2022-09-10 22:00:00,71.70333333333333,14.43,50.09,2.51,0.0,0.0,0.0,61743.2666666667
2022-09-10 23:00:00,71.15666666666667,13.46,55.15,2.48,0.0,0.0,0.0,61743.2666666667
2022-09-11 00:00:00,71.15666666666667,12.51,60.48,2.26,0.0,0.0,0.0,61743.2666666667
2022-09-11 01:00:00,70.88333333333333,11.67,65.34,2.01,0.0,0.0,0.0,61743.2666666667
2022-09-11 02:00:00,70.61,10.96,69.6,1.83,0.0,1.0,0.0,61743.2666666667
2022-09-11 03:00:00,70.33666666666666,10.52,72.18,1.77,0.0,1.0,0.0,61743.2666666667
2022-09-11 04:00:00,70.33666666666666,10.15,74.08,1.7,0.0,1.0,0.0,61743.2666666667
2022-09-11 05:00:00,75.64333333333333,9.7,76.04,1.71,0.0,1.0,1631.066666666702,63374.3333333334
2022-09-11 06:00:00,78.64,9.29,77.45,1.81,0.0,0.0,74.86666666659585,63449.2
2022-09-11 07:00:00,75.23666666666666,9.04,78.18,1.91,0.0,0.0,0.0,63449.2
2022-09-11 08:00:00,74.01333333333334,8.73,79.69,1.87,0.0,0.0,0.0,63449.2
2022-09-11 09:00:00,73.33333333333333,8.6,80.94,1.7,0.0,0.0,0.0,63449.2
2022-09-11 10:00:00,72.65,9.51,76.1,2.25,63.889399999999995,0.0,0.0,63449.2
2022-09-11 11:00:00,72.24,11.7,66.59,2.3,241.66859999999997,0.0,0.0,63449.2
2022-09-11 12:00:00,71.97333333333334,14.78,53.79,2.32,447.2258,0.0,0.0,63449.2
2022-09-11 13:00:00,71.56666666666668,16.97,46.66,1.66,616.6716,0.0,0.0,63449.2
2022-09-11 14:00:00,71.29333333333334,19.5,37.73,0.94,688.8943999999999,0.0,0.0,63449.2
2022-09-11 15:00:00,71.43,21.05,33.4,0.85,669.4498,0.0,0.0,63449.2
2022-09-11 16:00:00,71.15666666666667,22.81,30.59,0.7,741.6725999999999,0.0,0.0,63449.2
2022-09-11 17:00:00,71.02,24.19,28.22,1.02,683.3387999999999,0.0,0.0,63449.2
2022-09-11 18:00:00,71.02,24.72,26.9,0.91,563.8933999999999,0.0,0.0,63449.2
2022-09-11 19:00:00,71.02,24.59,27.41,1.4,369.44739999999996,0.0,0.0,63449.2
2022-09-11 20:00:00,70.88333333333333,23.3,32.58,1.64,169.4458,1.0,0.0,63449.2
2022-09-11 21:00:00,70.61,19.17,51.54,1.41,16.6668,1.0,0.0,63449.2
2022-09-11 22:00:00,70.33666666666666,17.31,52.85,2.06,0.0,1.0,0.0,63449.2
2022-09-11 23:00:00,70.33666666666666,16.48,55.74,2.28,0.0,1.0,0.0,63449.2
2022-09-12 00:00:00,70.06666666666666,15.45,61.66,1.98,0.0,1.0,0.0,63449.2
2022-09-12 01:00:00,70.75,14.53,67.58,1.65,0.0,1.0,912.366666666705,64361.5666666667
2022-09-12 02:00:00,78.09666666666666,13.8,72.88,1.39,0.0,1.0,457.40000000000146,64818.9666666667
2022-09-12 03:00:00,75.24,13.27,77.12,1.17,0.0,0.0,0.0,64818.9666666667
2022-09-12 04:00:00,74.14999999999999,12.94,79.76,1.07,0.0,0.0,0.0,64818.9666666667
2022-09-12 05:00:00,73.19666666666667,12.66,81.55,1.06,0.0,0.0,0.0,64818.9666666667
2022-09-12 06:00:00,72.65,12.48,82.94,1.07,0.0,0.0,0.0,64818.9666666667
2022-09-12 07:00:00,72.24333333333334,12.36,83.91,1.07,0.0,0.0,0.0,64818.9666666667
2022-09-12 08:00:00,71.84,12.09,85.2,1.13,0.0,0.0,0.0,64818.9666666667
2022-09-12 09:00:00,71.56666666666668,11.71,86.7,1.18,0.0,0.0,0.0,64818.9666666667
2022-09-12 10:00:00,71.29333333333334,12.61,82.85,1.49,44.444799999999994,0.0,0.0,64818.9666666667
2022-09-12 11:00:00,71.02,14.67,71.72,1.92,130.55659999999997,0.0,0.0,64818.9666666667
2022-09-12 12:00:00,70.88333333333333,17.76,57.65,1.78,225.0018,1.0,630.8666666666977,65449.8333333334
2022-09-12 13:00:00,77.27666666666666,21.24,37.44,2.53,366.6696,1.0,345.23333333329356,65795.0666666667
2022-09-12 14:00:00,74.96333333333332,23.06,32.59,2.59,619.4494,0.0,0.0,65795.0666666667
2022-09-12 15:00:00,73.74333333333333,24.62,29.03,2.5,777.7839999999999,0.0,0.0,65795.0666666667
2022-09-12 16:00:00,73.06,25.87,26.45,2.48,844.4512,0.0,0.0,65795.0666666667
2022-09-12 17:00:00,72.37666666666667,26.51,25.07,2.42,775.0061999999999,0.0,0.0,65795.0666666667
2022-09-12 18:00:00,72.445,26.63,24.69,2.44,625.0049999999999,0.0,0.0,65795.0666666667
2022-09-12 19:00:00,71.97333333333334,26.04,25.46,2.62,430.55899999999997,0.0,0.0,65795.0666666667
2022-09-12 20:00:00,71.70333333333333,24.47,30.86,2.32,205.55719999999997,0.0,0.0,65795.0666666667
2022-09-12 21:00:00,71.43,19.98,50.42,1.44,22.222399999999997,0.0,0.0,65795.0666666667
2022-09-12 22:00:00,71.15666666666667,17.61,54.38,1.82,0.0,0.0,0.0,65795.0666666667
2022-09-12 23:00:00,70.88333333333333,16.74,56.66,2.17,0.0,1.0,70.90000000000873,65865.9666666667
2022-09-13 00:00:00,74.96333333333332,15.81,62.38,2.25,0.0,1.0,1378.6666666667006,67244.6333333334
2022-09-13 01:00:00,78.09333333333333,14.91,68.94,2.08,0.0,0.0,0.0,67244.6333333334
2022-09-13 02:00:00,75.305,14.05,74.31,1.79,0.0,0.0,0.0,67244.6333333334
2022-09-13 03:00:00,73.47,13.33,77.88,1.61,0.0,0.0,0.0,67244.6333333334
2022-09-13 04:00:00,72.92333333333333,12.64,81.25,1.56,0.0,0.0,0.0,67244.6333333334
2022-09-13 05:00:00,72.3425,12.03,84.22,1.64,0.0,0.0,0.0,67244.6333333334
2022-09-13 06:00:00,71.70333333333333,11.5,86.85,1.82,0.0,0.0,0.0,67244.6333333334
2022-09-13 07:00:00,71.43,11.03,88.85,2.03,0.0,0.0,0.0,67244.6333333334
2022-09-13 08:00:00,71.02,10.51,90.98,2.08,0.0,0.0,0.0,67244.6333333334
2022-09-13 09:00:00,71.02,9.99,93.71,1.92,0.0,1.0,369.3000000000029,67613.9333333334
2022-09-13 10:00:00,77.41333333333334,11.07,87.83,2.53,88.88959999999999,1.0,753.0666666665929,68367.0
2022-09-13 11:00:00,74.96666666666667,13.77,75.4,2.65,294.4468,0.0,0.0,68367.0
2022-09-13 12:00:00,73.88,18.24,56.32,3.1,491.6706,0.0,0.0,68367.0
2022-09-13 13:00:00,72.78666666666668,21.85,43.45,2.97,683.3387999999999,0.0,0.0,68367.0
2022-09-13 14:00:00,72.10666666666667,23.94,38.27,2.36,766.6727999999998,0.0,0.0,68367.0
2022-09-13 15:00:00,72.10666666666667,25.53,34.4,1.96,730.5613999999999,0.0,0.0,68367.0
2022-09-13 16:00:00,71.97333333333334,26.61,32.1,1.78,641.6718,0.0,0.0,68367.0
2022-09-13 17:00:00,71.43,27.2,30.71,1.76,622.2272,0.0,0.0,68367.0
2022-09-13 18:00:00,71.15666666666667,27.21,30.35,1.91,597.2269999999999,0.0,0.0,68367.0
2022-09-13 19:00:00,71.225,26.64,31.01,2.38,408.3366,0.0,0.0,68367.0
2022-09-13 20:00:00,71.97333333333334,25.22,34.93,2.56,194.44599999999997,1.0,705.3333333334012,69072.3333333334
2022-09-13 21:00:00,78.50333333333333,21.31,51.17,1.79,22.222399999999997,1.0,593.7333333332936,69666.0666666667
2022-09-13 22:00:00,75.23666666666666,18.99,56.16,2.21,0.0,0.0,0.0,69666.0666666667
2022-09-13 23:00:00,73.88,17.75,60.47,2.33,0.0,0.0,0.0,69666.0666666667
2022-09-14 00:00:00,73.06,16.52,65.86,2.15,0.0,0.0,0.0,69666.0666666667
2022-09-14 01:00:00,72.10666666666667,15.38,71.06,1.86,0.0,0.0,0.0,69666.0666666667
2022-09-14 02:00:00,71.84,14.37,75.58,1.61,0.0,0.0,0.0,69666.0666666667
2022-09-14 03:00:00,71.29333333333334,13.51,78.9,1.51,0.0,0.0,0.0,69666.0666666667
2022-09-14 04:00:00,71.02,12.77,81.72,1.69,0.0,0.0,0.0,69666.0666666667
2022-09-14 05:00:00,70.88333333333333,12.27,83.62,2.16,0.0,0.0,0.0,69666.0666666667
2022-09-14 06:00:00,75.715,11.49,88.08,1.88,0.0,1.0,1362.9333333333052,71029.0
2022-09-14 07:00:00,77.755,12.17,84.82,3.53,0.0,0.0,56.36666666669771,71085.3666666667
2022-09-14 08:00:00,74.69333333333333,11.75,88.49,3.13,0.0,0.0,0.0,71085.3666666667
2022-09-14 09:00:00,73.06,11.0,93.84,2.03,0.0,0.0,0.0,71085.3666666667
2022-09-14 10:00:00,72.51333333333334,11.59,90.71,2.41,88.88959999999999,0.0,0.0,71085.3666666667
2022-09-14 11:00:00,71.97333333333334,14.3,76.91,2.91,294.4468,0.0,0.0,71085.3666666667
2022-09-14 12:00:00,71.70333333333333,19.0,54.81,4.12,511.11519999999996,0.0,0.0,71085.3666666667
2022-09-14 13:00:00,71.43,22.06,43.83,3.9,694.4499999999999,0.0,0.0,71085.3666666667
2022-09-14 14:00:00,72.51666666666667,24.13,38.2,3.42,816.6732,1.0,827.6666666667006,71913.0333333334
2022-09-14 15:00:00,79.04666666666667,25.58,34.12,3.75,916.6739999999999,1.0,439.90000000000873,72352.9333333334
2022-09-14 16:00:00,75.51,26.4,31.32,4.25,902.7849999999999,0.0,0.0,72352.9333333334
2022-09-14 17:00:00,74.01666666666667,26.63,30.09,4.57,808.3398,0.0,0.0,72352.9333333334
2022-09-14 18:00:00,73.19666666666667,26.38,30.1,4.84,650.0052,0.0,0.0,72352.9333333334
2022-09-14 19:00:00,72.64999999999999,25.56,31.98,4.94,447.2258,0.0,0.0,72352.9333333334
2022-09-14 20:00:00,71.97333333333334,24.1,36.42,4.64,219.44619999999998,0.0,0.0,72352.9333333334
2022-09-14 21:00:00,71.56666666666668,21.11,47.56,3.4,25.000199999999996,0.0,0.0,72352.9333333334
2022-09-14 22:00:00,71.02,18.9,56.57,3.54,0.0,0.0,0.0,72352.9333333334
2022-09-14 23:00:00,73.06,17.83,61.25,3.82,0.0,1.0,882.5666666665929,73235.5
2022-09-15 00:00:00,76.19,16.66,66.6,3.62,0.0,1.0,136.89999999999418,73372.4
2022-09-15 01:00:00,74.14999999999999,15.64,71.01,3.42,0.0,0.0,0.0,73372.4
2022-09-15 02:00:00,72.78666666666668,14.81,74.42,3.31,0.0,0.0,0.0,73372.4
2022-09-15 03:00:00,72.24,13.95,78.36,2.98,0.0,0.0,0.0,73372.4
2022-09-15 04:00:00,71.43,13.05,82.96,2.68,0.0,0.0,0.0,73372.4
2022-09-15 05:00:00,71.15666666666667,12.38,86.66,2.66,0.0,0.0,0.0,73372.4
2022-09-15 06:00:00,70.74666666666667,11.84,90.11,2.72,0.0,0.0,0.0,73372.4
2022-09-15 07:00:00,70.47333333333334,11.32,93.72,2.7,0.0,0.0,0.0,73372.4
2022-09-15 08:00:00,70.20333333333333,10.78,97.53,2.45,0.0,1.0,46.96666666670353,73419.3666666667
2022-09-15 09:00:00,72.92333333333333,10.3,100.0,2.09,0.0,1.0,916.7666666666046,74336.1333333333
2022-09-15 10:00:00,77.14333333333333,11.51,93.01,2.78,108.3342,1.0,257.83333333340124,74593.9666666667
2022-09-15 11:00:00,74.42,14.58,77.28,2.89,336.11379999999997,0.0,0.0,74593.9666666667
2022-09-15 12:00:00,73.06,19.17,55.88,3.18,561.1156,0.0,0.0,74593.9666666667
2022-09-15 13:00:00,72.24333333333334,22.06,44.26,2.97,747.2281999999999,0.0,0.0,74593.9666666667
2022-09-15 14:00:00,71.56666666666668,23.89,38.36,2.9,872.2292,0.0,0.0,74593.9666666667
2022-09-15 15:00:00,71.56666666666668,25.32,33.99,3.02,930.563,0.0,0.0,74593.9666666667
2022-09-15 16:00:00,71.56666666666668,26.25,30.73,3.32,913.8961999999999,0.0,0.0,74593.9666666667
2022-09-15 17:00:00,71.15666666666667,26.64,28.81,3.57,825.0065999999999,0.0,0.0,74593.9666666667
2022-09-15 18:00:00,71.02,26.51,28.03,3.73,669.4498,0.0,0.0,74593.9666666667
2022-09-15 19:00:00,70.47333333333334,25.79,28.81,3.78,461.11479999999995,0.0,0.0,74593.9666666667
2022-09-15 20:00:00,70.33666666666666,24.34,32.25,3.58,227.77959999999996,0.0,0.0,74593.9666666667
2022-09-15 21:00:00,70.2,20.54,47.61,2.08,25.000199999999996,0.0,0.0,74593.9666666667
2022-09-15 22:00:00,71.56666666666666,18.0,58.43,2.09,0.0,1.0,1198.8666666665958,75792.8333333333
2022-09-15 23:00:00,77.69,17.11,63.32,2.21,0.0,1.0,255.16666666670062,76048.0
2022-09-16 00:00:00,74.83,16.09,69.29,2.01,0.0,0.0,0.0,76048.0
2022-09-16 01:00:00,73.47,15.11,74.65,1.74,0.0,0.0,0.0,76048.0
2022-09-16 02:00:00,72.445,14.25,78.92,1.5,0.0,0.0,0.0,76048.0
2022-09-16 03:00:00,71.83666666666666,13.53,82.37,1.33,0.0,0.0,0.0,76048.0
2022-09-16 04:00:00,71.15666666666667,12.9,85.34,1.22,0.0,0.0,0.0,76048.0
2022-09-16 05:00:00,70.88333333333333,12.34,88.81,1.15,0.0,0.0,0.0,76048.0
2022-09-16 06:00:00,70.61,11.86,92.45,1.12,0.0,0.0,0.0,76048.0
2022-09-16 07:00:00,70.2,11.4,96.36,1.11,0.0,0.0,0.0,76048.0
2022-09-16 08:00:00,71.56333333333333,10.88,100.0,1.11,0.0,1.0,1347.9666666666017,77395.9666666666
2022-09-16 09:00:00,77.41666666666667,10.34,100.0,1.13,0.0,1.0,339.7666666666919,77735.7333333333
2022-09-16 10:00:00,74.55666666666667,12.25,94.6,1.56,108.3342,0.0,0.0,77735.7333333333
2022-09-16 11:00:00,73.06,15.77,76.93,2.2,336.11379999999997,0.0,0.0,77735.7333333333
2022-09-16 12:00:00,72.03999999999999,20.53,51.81,1.87,569.4489999999998,0.0,0.0,77735.7333333333
2022-09-16 13:00:00,71.29333333333334,23.8,35.58,1.7,758.3394,0.0,0.0,77735.7333333333
2022-09-16 14:00:00,71.15666666666667,25.72,30.06,1.5,888.896,0.0,0.0,77735.7333333333
2022-09-16 15:00:00,71.02,27.29,25.66,1.36,947.2298,0.0,0.0,77735.7333333333
2022-09-16 16:00:00,70.74666666666667,28.42,22.42,1.41,927.7851999999999,0.0,0.0,77735.7333333333
2022-09-16 17:00:00,70.61,28.99,20.67,1.69,836.1177999999999,0.0,0.0,77735.7333333333
2022-09-16 18:00:00,70.61,29.03,20.03,2.09,680.561,0.0,0.0,77735.7333333333
2022-09-16 19:00:00,70.405,28.5,20.23,2.59,469.44819999999993,0.0,0.0,77735.7333333333
2022-09-16 20:00:00,70.2,27.0,23.96,2.65,230.55739999999997,0.0,0.0,77735.7333333333
2022-09-16 21:00:00,69.93333333333334,22.18,41.43,1.75,27.778,0.0,0.0,77735.7333333333
2022-09-16 22:00:00,69.39,19.81,46.43,2.42,0.0,0.0,0.0,77735.7333333333
2022-09-16 23:00:00,69.39,19.4,49.15,3.29,0.0,0.0,0.0,77735.7333333333
2022-09-17 00:00:00,68.98,18.62,55.36,3.5,0.0,1.0,177.56666666670935,77913.3
2022-09-17 01:00:00,73.87666666666667,17.69,62.34,3.2,0.0,1.0,1395.566666666593,79308.8666666666
2022-09-17 02:00:00,75.23666666666666,16.72,68.8,2.67,0.0,1.0,170.60000000000582,79479.4666666666
2022-09-17 03:00:00,72.92333333333333,15.87,73.85,2.35,0.0,0.0,0.0,79479.4666666666
